time_s,force_V,confident,digits
0.0,7.716,True,"[0, 7, 7, 1, 6]"
0.5,7.725,True,"[0, 7, 7, 2, 5]"
1.0,7.715,True,"[0, 7, 7, 1, 5]"
1.5,7.725,True,"[0, 7, 7, 2, 5]"
2.0,7.623,True,"[0, 7, 6, 2, 3]"
2.5,7.725,True,"[0, 7, 7, 2, 5]"
3.0,7.625,True,"[0, 7, 6, 2, 5]"
3.5,7.726,True,"[0, 7, 7, 2, 6]"
4.0,7.725,True,"[0, 7, 7, 2, 5]"
4.5,7.726,True,"[0, 7, 7, 2, 6]"
5.0,7.726,True,"[0, 7, 7, 2, 6]"
5.5,7.775,True,"[0, 7, 7, 7, 5]"
6.0,7.725,True,"[0, 7, 7, 2, 5]"
6.5,7.725,True,"[0, 7, 7, 2, 5]"
7.0,7.616,True,"[0, 7, 6, 1, 6]"
7.5,7.623,True,"[0, 7, 6, 2, 3]"
8.0,7.616,True,"[0, 7, 6, 1, 6]"
8.5,7.646,True,"[0, 7, 6, 4, 6]"
9.0,7.625,True,"[0, 7, 6, 2, 5]"
9.5,7.645,True,"[0, 7, 6, 4, 5]"
10.0,7.626,True,"[0, 7, 6, 2, 6]"
10.5,7.646,True,"[0, 7, 6, 4, 6]"
11.0,7.625,True,"[0, 7, 6, 2, 5]"
11.5,7.626,True,"[0, 7, 6, 2, 6]"
12.0,7.626,True,"[0, 7, 6, 2, 6]"
12.5,7.626,True,"[0, 7, 6, 2, 6]"
13.0,7.626,True,"[0, 7, 6, 2, 6]"
13.5,7.626,True,"[0, 7, 6, 2, 6]"
14.0,7.626,True,"[0, 7, 6, 2, 6]"
14.5,7.685,True,"[0, 7, 6, 8, 5]"
15.0,7.625,True,"[0, 7, 6, 2, 5]"
15.5,7.626,True,"[0, 7, 6, 2, 6]"
16.0,7.643,True,"[0, 7, 6, 4, 3]"
16.5,7.645,True,"[0, 7, 6, 4, 5]"
17.0,7.625,True,"[0, 7, 6, 2, 5]"
17.5,7.675,True,"[0, 7, 6, 7, 5]"
18.0,7.626,True,"[0, 7, 6, 2, 6]"
18.5,7.645,True,"[0, 7, 6, 4, 5]"
19.0,7.646,True,"[0, 7, 6, 4, 6]"
19.5,7.625,True,"[0, 7, 6, 2, 5]"
20.0,7.645,True,"[0, 7, 6, 4, 5]"
20.5,7.625,True,"[0, 7, 6, 2, 5]"
21.0,7.675,True,"[0, 7, 6, 7, 5]"
21.5,7.645,True,"[0, 7, 6, 4, 5]"
22.0,7.626,True,"[0, 7, 6, 2, 6]"
22.5,7.646,True,"[0, 7, 6, 4, 6]"
23.0,7.645,True,"[0, 7, 6, 4, 5]"
23.5,7.646,True,"[0, 7, 6, 4, 6]"
24.0,7.646,True,"[0, 7, 6, 4, 6]"
24.5,7.643,True,"[0, 7, 6, 4, 3]"
25.0,7.646,True,"[0, 7, 6, 4, 6]"
25.5,7.645,True,"[0, 7, 6, 4, 5]"
26.0,7.645,True,"[0, 7, 6, 4, 5]"
26.5,7.646,True,"[0, 7, 6, 4, 6]"
27.0,7.626,True,"[0, 7, 6, 2, 6]"
27.5,7.675,True,"[0, 7, 6, 7, 5]"
28.0,7.685,True,"[0, 7, 6, 8, 5]"
28.5,7.645,True,"[0, 7, 6, 4, 5]"
29.0,7.645,True,"[0, 7, 6, 4, 5]"
29.5,7.616,True,"[0, 7, 6, 1, 6]"
30.0,7.685,True,"[0, 7, 6, 8, 5]"
30.5,7.646,True,"[0, 7, 6, 4, 6]"
31.0,7.623,True,"[0, 7, 6, 2, 3]"
31.5,7.626,True,"[0, 7, 6, 2, 6]"
32.0,7.645,True,"[0, 7, 6, 4, 5]"
32.5,7.645,True,"[0, 7, 6, 4, 5]"
33.0,7.645,True,"[0, 7, 6, 4, 5]"
33.5,7.625,True,"[0, 7, 6, 2, 5]"
34.0,7.645,True,"[0, 7, 6, 4, 5]"
34.5,7.645,True,"[0, 7, 6, 4, 5]"
35.0,7.625,True,"[0, 7, 6, 2, 5]"
35.5,7.625,True,"[0, 7, 6, 2, 5]"
36.0,7.626,True,"[0, 7, 6, 2, 6]"
36.5,7.645,True,"[0, 7, 6, 4, 5]"
37.0,7.625,True,"[0, 7, 6, 2, 5]"
37.5,7.646,True,"[0, 7, 6, 4, 6]"
38.0,7.625,True,"[0, 7, 6, 2, 5]"
38.5,7.625,True,"[0, 7, 6, 2, 5]"
39.0,7.645,True,"[0, 7, 6, 4, 5]"
39.5,7.645,True,"[0, 7, 6, 4, 5]"
40.0,7.645,True,"[0, 7, 6, 4, 5]"
40.5,7.626,True,"[0, 7, 6, 2, 6]"
41.0,7.646,True,"[0, 7, 6, 4, 6]"
41.5,7.675,True,"[0, 7, 6, 7, 5]"
42.0,7.645,True,"[0, 7, 6, 4, 5]"
42.5,7.625,True,"[0, 7, 6, 2, 5]"
43.0,7.645,True,"[0, 7, 6, 4, 5]"
43.5,7.675,True,"[0, 7, 6, 7, 5]"
44.0,7.645,True,"[0, 7, 6, 4, 5]"
44.5,7.645,True,"[0, 7, 6, 4, 5]"
45.0,7.645,True,"[0, 7, 6, 4, 5]"
45.5,7.625,True,"[0, 7, 6, 2, 5]"
46.0,7.625,True,"[0, 7, 6, 2, 5]"
46.5,7.615,True,"[0, 7, 6, 1, 5]"
47.0,7.625,True,"[0, 7, 6, 2, 5]"
47.5,7.625,True,"[0, 7, 6, 2, 5]"
48.0,7.645,True,"[0, 7, 6, 4, 5]"
48.5,7.645,True,"[0, 7, 6, 4, 5]"
49.0,7.625,True,"[0, 7, 6, 2, 5]"
49.5,7.645,True,"[0, 7, 6, 4, 5]"
50.0,7.646,True,"[0, 7, 6, 4, 6]"
50.5,7.615,True,"[0, 7, 6, 1, 5]"
51.0,7.645,True,"[0, 7, 6, 4, 5]"
51.5,7.625,True,"[0, 7, 6, 2, 5]"
52.0,7.645,True,"[0, 7, 6, 4, 5]"
52.5,7.615,True,"[0, 7, 6, 1, 5]"
53.0,7.625,True,"[0, 7, 6, 2, 5]"
53.5,7.626,True,"[0, 7, 6, 2, 6]"
54.0,7.625,True,"[0, 7, 6, 2, 5]"
54.5,7.615,True,"[0, 7, 6, 1, 5]"
55.0,7.645,True,"[0, 7, 6, 4, 5]"
55.5,7.625,True,"[0, 7, 6, 2, 5]"
56.0,7.625,True,"[0, 7, 6, 2, 5]"
56.5,7.625,True,"[0, 7, 6, 2, 5]"
57.0,7.625,True,"[0, 7, 6, 2, 5]"
57.5,7.625,True,"[0, 7, 6, 2, 5]"
58.0,7.625,True,"[0, 7, 6, 2, 5]"
58.5,7.646,True,"[0, 7, 6, 4, 6]"
59.0,7.646,True,"[0, 7, 6, 4, 6]"
59.5,7.625,True,"[0, 7, 6, 2, 5]"
60.0,7.623,True,"[0, 7, 6, 2, 3]"
60.5,7.646,True,"[0, 7, 6, 4, 6]"
61.0,7.625,True,"[0, 7, 6, 2, 5]"
61.5,7.625,True,"[0, 7, 6, 2, 5]"
62.0,7.623,True,"[0, 7, 6, 2, 3]"
62.5,7.616,True,"[0, 7, 6, 1, 6]"
63.0,7.643,True,"[0, 7, 6, 4, 3]"
63.5,7.613,True,"[0, 7, 6, 1, 3]"
64.0,7.646,True,"[0, 7, 6, 4, 6]"
64.5,7.626,True,"[0, 7, 6, 2, 6]"
65.0,7.616,True,"[0, 7, 6, 1, 6]"
65.5,7.626,True,"[0, 7, 6, 2, 6]"
66.0,7.625,True,"[0, 7, 6, 2, 5]"
66.5,7.613,True,"[0, 7, 6, 1, 3]"
67.0,7.626,True,"[0, 7, 6, 2, 6]"
67.5,7.625,True,"[0, 7, 6, 2, 5]"
68.0,7.626,True,"[0, 7, 6, 2, 6]"
68.5,7.625,True,"[0, 7, 6, 2, 5]"
69.0,7.626,True,"[0, 7, 6, 2, 6]"
69.5,7.623,True,"[0, 7, 6, 2, 3]"
70.0,7.623,True,"[0, 7, 6, 2, 3]"
70.5,7.625,True,"[0, 7, 6, 2, 5]"
71.0,7.626,True,"[0, 7, 6, 2, 6]"
71.5,7.625,True,"[0, 7, 6, 2, 5]"
72.0,7.625,True,"[0, 7, 6, 2, 5]"
72.5,7.613,True,"[0, 7, 6, 1, 3]"
73.0,7.643,True,"[0, 7, 6, 4, 3]"
73.5,7.616,True,"[0, 7, 6, 1, 6]"
74.0,7.613,True,"[0, 7, 6, 1, 3]"
74.5,7.725,True,"[0, 7, 7, 2, 5]"
75.0,7.626,True,"[0, 7, 6, 2, 6]"
75.5,7.626,True,"[0, 7, 6, 2, 6]"
76.0,7.626,True,"[0, 7, 6, 2, 6]"
76.5,7.626,True,"[0, 7, 6, 2, 6]"
77.0,7.626,True,"[0, 7, 6, 2, 6]"
77.5,7.726,True,"[0, 7, 7, 2, 6]"
78.0,7.623,True,"[0, 7, 6, 2, 3]"
78.5,7.646,True,"[0, 7, 6, 4, 6]"
79.0,7.626,True,"[0, 7, 6, 2, 6]"
79.5,7.626,True,"[0, 7, 6, 2, 6]"
80.0,7.626,True,"[0, 7, 6, 2, 6]"
80.5,7.643,True,"[0, 7, 6, 4, 3]"
81.0,7.613,True,"[0, 7, 6, 1, 3]"
81.5,7.646,True,"[0, 7, 6, 4, 6]"
82.0,7.623,True,"[0, 7, 6, 2, 3]"
82.5,7.645,True,"[0, 7, 6, 4, 5]"
83.0,7.626,True,"[0, 7, 6, 2, 6]"
83.5,7.645,True,"[0, 7, 6, 4, 5]"
84.0,7.623,True,"[0, 7, 6, 2, 3]"
84.5,7.725,True,"[0, 7, 7, 2, 5]"
85.0,7.626,True,"[0, 7, 6, 2, 6]"
85.5,7.625,True,"[0, 7, 6, 2, 5]"
86.0,7.623,True,"[0, 7, 6, 2, 3]"
86.5,7.726,True,"[0, 7, 7, 2, 6]"
87.0,7.616,True,"[0, 7, 6, 1, 6]"
87.5,7.626,True,"[0, 7, 6, 2, 6]"
88.0,7.625,True,"[0, 7, 6, 2, 5]"
88.5,7.625,True,"[0, 7, 6, 2, 5]"
89.0,7.625,True,"[0, 7, 6, 2, 5]"
89.5,7.645,True,"[0, 7, 6, 4, 5]"
90.0,7.625,True,"[0, 7, 6, 2, 5]"
90.5,7.625,True,"[0, 7, 6, 2, 5]"
91.0,7.616,True,"[0, 7, 6, 1, 6]"
91.5,7.625,True,"[0, 7, 6, 2, 5]"
92.0,7.725,True,"[0, 7, 7, 2, 5]"
92.5,7.625,True,"[0, 7, 6, 2, 5]"
93.0,7.625,True,"[0, 7, 6, 2, 5]"
93.5,7.616,True,"[0, 7, 6, 1, 6]"
94.0,7.625,True,"[0, 7, 6, 2, 5]"
94.5,7.613,True,"[0, 7, 6, 1, 3]"
95.0,7.615,True,"[0, 7, 6, 1, 5]"
95.5,7.615,True,"[0, 7, 6, 1, 5]"
96.0,7.625,True,"[0, 7, 6, 2, 5]"
96.5,7.625,True,"[0, 7, 6, 2, 5]"
97.0,7.626,True,"[0, 7, 6, 2, 6]"
97.5,7.625,True,"[0, 7, 6, 2, 5]"
98.0,7.645,True,"[0, 7, 6, 4, 5]"
98.5,7.625,True,"[0, 7, 6, 2, 5]"
99.0,7.626,True,"[0, 7, 6, 2, 6]"
99.5,7.725,True,"[0, 7, 7, 2, 5]"
100.0,7.625,True,"[0, 7, 6, 2, 5]"
100.5,7.625,True,"[0, 7, 6, 2, 5]"
101.0,7.616,True,"[0, 7, 6, 1, 6]"
101.5,7.626,True,"[0, 7, 6, 2, 6]"
102.0,7.626,True,"[0, 7, 6, 2, 6]"
102.5,7.626,True,"[0, 7, 6, 2, 6]"
103.0,7.623,True,"[0, 7, 6, 2, 3]"
103.5,7.626,True,"[0, 7, 6, 2, 6]"
104.0,7.625,True,"[0, 7, 6, 2, 5]"
104.5,7.613,True,"[0, 7, 6, 1, 3]"
105.0,7.626,True,"[0, 7, 6, 2, 6]"
105.5,7.626,True,"[0, 7, 6, 2, 6]"
106.0,7.626,True,"[0, 7, 6, 2, 6]"
106.5,7.626,True,"[0, 7, 6, 2, 6]"
107.0,7.726,True,"[0, 7, 7, 2, 6]"
107.5,7.625,True,"[0, 7, 6, 2, 5]"
108.0,7.626,True,"[0, 7, 6, 2, 6]"
108.5,7.775,True,"[0, 7, 7, 7, 5]"
109.0,7.725,True,"[0, 7, 7, 2, 5]"
109.5,7.626,True,"[0, 7, 6, 2, 6]"
110.0,7.623,True,"[0, 7, 6, 2, 3]"
110.5,7.625,True,"[0, 7, 6, 2, 5]"
111.0,7.623,True,"[0, 7, 6, 2, 3]"
111.5,7.626,True,"[0, 7, 6, 2, 6]"
112.0,7.616,True,"[0, 7, 6, 1, 6]"
112.5,7.625,True,"[0, 7, 6, 2, 5]"
113.0,7.626,True,"[0, 7, 6, 2, 6]"
113.5,7.626,True,"[0, 7, 6, 2, 6]"
114.0,7.725,True,"[0, 7, 7, 2, 5]"
114.5,7.773,True,"[0, 7, 7, 7, 3]"
115.0,7.625,True,"[0, 7, 6, 2, 5]"
115.5,7.725,True,"[0, 7, 7, 2, 5]"
116.0,7.625,True,"[0, 7, 6, 2, 5]"
116.5,7.616,True,"[0, 7, 6, 1, 6]"
117.0,7.625,True,"[0, 7, 6, 2, 5]"
117.5,7.626,True,"[0, 7, 6, 2, 6]"
118.0,7.613,True,"[0, 7, 6, 1, 3]"
118.5,7.623,True,"[0, 7, 6, 2, 3]"
119.0,7.776,True,"[0, 7, 7, 7, 6]"
119.5,7.626,True,"[0, 7, 6, 2, 6]"
120.0,7.613,True,"[0, 7, 6, 1, 3]"
120.5,7.613,True,"[0, 7, 6, 1, 3]"
121.0,7.623,True,"[0, 7, 6, 2, 3]"
121.5,7.625,True,"[0, 7, 6, 2, 5]"
122.0,7.625,True,"[0, 7, 6, 2, 5]"
122.5,7.625,True,"[0, 7, 6, 2, 5]"
123.0,7.616,True,"[0, 7, 6, 1, 6]"
123.5,7.625,True,"[0, 7, 6, 2, 5]"
124.0,7.625,True,"[0, 7, 6, 2, 5]"
124.5,7.725,True,"[0, 7, 7, 2, 5]"
125.0,7.726,True,"[0, 7, 7, 2, 6]"
125.5,7.715,True,"[0, 7, 7, 1, 5]"
126.0,7.725,True,"[0, 7, 7, 2, 5]"
126.5,7.716,True,"[0, 7, 7, 1, 6]"
127.0,7.746,True,"[0, 7, 7, 4, 6]"
127.5,7.646,True,"[0, 7, 6, 4, 6]"
128.0,7.673,True,"[0, 7, 6, 7, 3]"
128.5,7.623,True,"[0, 7, 6, 2, 3]"
129.0,7.626,True,"[0, 7, 6, 2, 6]"
129.5,7.673,True,"[0, 7, 6, 7, 3]"
130.0,7.626,True,"[0, 7, 6, 2, 6]"
130.5,7.625,True,"[0, 7, 6, 2, 5]"
131.0,7.623,True,"[0, 7, 6, 2, 3]"
131.5,7.613,True,"[0, 7, 6, 1, 3]"
132.0,7.626,True,"[0, 7, 6, 2, 6]"
132.5,7.625,True,"[0, 7, 6, 2, 5]"
133.0,7.625,True,"[0, 7, 6, 2, 5]"
133.5,7.623,True,"[0, 7, 6, 2, 3]"
134.0,7.625,True,"[0, 7, 6, 2, 5]"
134.5,7.676,True,"[0, 7, 6, 7, 6]"
135.0,7.673,True,"[0, 7, 6, 7, 3]"
135.5,7.625,True,"[0, 7, 6, 2, 5]"
136.0,7.643,True,"[0, 7, 6, 4, 3]"
136.5,7.673,True,"[0, 7, 6, 7, 3]"
137.0,7.625,True,"[0, 7, 6, 2, 5]"
137.5,7.626,True,"[0, 7, 6, 2, 6]"
138.0,7.643,True,"[0, 7, 6, 4, 3]"
138.5,7.643,True,"[0, 7, 6, 4, 3]"
139.0,7.626,True,"[0, 7, 6, 2, 6]"
139.5,7.626,True,"[0, 7, 6, 2, 6]"
140.0,7.623,True,"[0, 7, 6, 2, 3]"
140.5,7.643,True,"[0, 7, 6, 4, 3]"
141.0,7.623,True,"[0, 7, 6, 2, 3]"
141.5,7.623,True,"[0, 7, 6, 2, 3]"
142.0,7.626,True,"[0, 7, 6, 2, 6]"
142.5,7.625,True,"[0, 7, 6, 2, 5]"
143.0,7.625,True,"[0, 7, 6, 2, 5]"
143.5,7.626,True,"[0, 7, 6, 2, 6]"
144.0,7.625,True,"[0, 7, 6, 2, 5]"
144.5,7.626,True,"[0, 7, 6, 2, 6]"
145.0,7.643,True,"[0, 7, 6, 4, 3]"
145.5,7.616,True,"[0, 7, 6, 1, 6]"
146.0,7.725,True,"[0, 7, 7, 2, 5]"
146.5,7.613,True,"[0, 7, 6, 1, 3]"
147.0,7.626,True,"[0, 7, 6, 2, 6]"
147.5,7.625,True,"[0, 7, 6, 2, 5]"
148.0,7.626,True,"[0, 7, 6, 2, 6]"
148.5,7.626,True,"[0, 7, 6, 2, 6]"
149.0,7.725,True,"[0, 7, 7, 2, 5]"
149.5,7.725,True,"[0, 7, 7, 2, 5]"
150.0,7.626,True,"[0, 7, 6, 2, 6]"
150.5,7.626,True,"[0, 7, 6, 2, 6]"
151.0,7.613,True,"[0, 7, 6, 1, 3]"
151.5,7.625,True,"[0, 7, 6, 2, 5]"
152.0,7.623,True,"[0, 7, 6, 2, 3]"
152.5,7.725,True,"[0, 7, 7, 2, 5]"
153.0,7.773,True,"[0, 7, 7, 7, 3]"
153.5,7.623,True,"[0, 7, 6, 2, 3]"
154.0,7.776,True,"[0, 7, 7, 7, 6]"
154.5,7.613,True,"[0, 7, 6, 1, 3]"
155.0,7.623,True,"[0, 7, 6, 2, 3]"
155.5,7.616,True,"[0, 7, 6, 1, 6]"
156.0,7.626,True,"[0, 7, 6, 2, 6]"
156.5,7.725,True,"[0, 7, 7, 2, 5]"
157.0,7.725,True,"[0, 7, 7, 2, 5]"
157.5,7.726,True,"[0, 7, 7, 2, 6]"
158.0,7.775,True,"[0, 7, 7, 7, 5]"
158.5,7.713,True,"[0, 7, 7, 1, 3]"
159.0,7.725,True,"[0, 7, 7, 2, 5]"
159.5,7.726,True,"[0, 7, 7, 2, 6]"
160.0,7.746,True,"[0, 7, 7, 4, 6]"
160.5,7.726,True,"[0, 7, 7, 2, 6]"
161.0,7.746,True,"[0, 7, 7, 4, 6]"
161.5,7.715,True,"[0, 7, 7, 1, 5]"
162.0,7.745,True,"[0, 7, 7, 4, 5]"
162.5,7.746,True,"[0, 7, 7, 4, 6]"
163.0,7.776,True,"[0, 7, 7, 7, 6]"
163.5,7.776,True,"[0, 7, 7, 7, 6]"
164.0,7.725,True,"[0, 7, 7, 2, 5]"
164.5,7.725,True,"[0, 7, 7, 2, 5]"
165.0,7.715,True,"[0, 7, 7, 1, 5]"
165.5,7.725,True,"[0, 7, 7, 2, 5]"
166.0,7.715,True,"[0, 7, 7, 1, 5]"
166.5,7.726,True,"[0, 7, 7, 2, 6]"
167.0,7.725,True,"[0, 7, 7, 2, 5]"
167.5,7.715,True,"[0, 7, 7, 1, 5]"
168.0,7.745,True,"[0, 7, 7, 4, 5]"
168.5,7.745,True,"[0, 7, 7, 4, 5]"
169.0,7.725,True,"[0, 7, 7, 2, 5]"
169.5,7.715,True,"[0, 7, 7, 1, 5]"
170.0,7.745,True,"[0, 7, 7, 4, 5]"
170.5,7.745,True,"[0, 7, 7, 4, 5]"
171.0,7.725,True,"[0, 7, 7, 2, 5]"
171.5,7.715,True,"[0, 7, 7, 1, 5]"
172.0,7.725,True,"[0, 7, 7, 2, 5]"
172.5,7.745,True,"[0, 7, 7, 4, 5]"
173.0,7.725,True,"[0, 7, 7, 2, 5]"
173.5,7.745,True,"[0, 7, 7, 4, 5]"
174.0,7.725,True,"[0, 7, 7, 2, 5]"
174.5,7.725,True,"[0, 7, 7, 2, 5]"
175.0,7.725,True,"[0, 7, 7, 2, 5]"
175.5,7.726,True,"[0, 7, 7, 2, 6]"
176.0,7.725,True,"[0, 7, 7, 2, 5]"
176.5,7.745,True,"[0, 7, 7, 4, 5]"
177.0,7.725,True,"[0, 7, 7, 2, 5]"
177.5,7.725,True,"[0, 7, 7, 2, 5]"
178.0,7.725,True,"[0, 7, 7, 2, 5]"
178.5,7.725,True,"[0, 7, 7, 2, 5]"
179.0,7.725,True,"[0, 7, 7, 2, 5]"
179.5,7.745,True,"[0, 7, 7, 4, 5]"
180.0,7.715,True,"[0, 7, 7, 1, 5]"
180.5,7.725,True,"[0, 7, 7, 2, 5]"
181.0,7.725,True,"[0, 7, 7, 2, 5]"
181.5,7.725,True,"[0, 7, 7, 2, 5]"
182.0,7.716,True,"[0, 7, 7, 1, 6]"
182.5,7.726,True,"[0, 7, 7, 2, 6]"
183.0,7.725,True,"[0, 7, 7, 2, 5]"
183.5,7.725,True,"[0, 7, 7, 2, 5]"
184.0,7.715,True,"[0, 7, 7, 1, 5]"
184.5,7.725,True,"[0, 7, 7, 2, 5]"
185.0,7.725,True,"[0, 7, 7, 2, 5]"
185.5,7.725,True,"[0, 7, 7, 2, 5]"
186.0,7.745,True,"[0, 7, 7, 4, 5]"
186.5,7.725,True,"[0, 7, 7, 2, 5]"
187.0,7.745,True,"[0, 7, 7, 4, 5]"
187.5,7.725,True,"[0, 7, 7, 2, 5]"
188.0,7.726,True,"[0, 7, 7, 2, 6]"
188.5,7.725,True,"[0, 7, 7, 2, 5]"
189.0,7.725,True,"[0, 7, 7, 2, 5]"
189.5,7.725,True,"[0, 7, 7, 2, 5]"
190.0,7.725,True,"[0, 7, 7, 2, 5]"
190.5,7.725,True,"[0, 7, 7, 2, 5]"
191.0,7.725,True,"[0, 7, 7, 2, 5]"
191.5,7.725,True,"[0, 7, 7, 2, 5]"
192.0,7.725,True,"[0, 7, 7, 2, 5]"
192.5,7.725,True,"[0, 7, 7, 2, 5]"
193.0,7.725,True,"[0, 7, 7, 2, 5]"
193.5,7.715,True,"[0, 7, 7, 1, 5]"
194.0,7.725,True,"[0, 7, 7, 2, 5]"
194.5,7.715,True,"[0, 7, 7, 1, 5]"
195.0,7.725,True,"[0, 7, 7, 2, 5]"
195.5,7.925,True,"[0, 7, 9, 2, 5]"
196.0,7.725,True,"[0, 7, 7, 2, 5]"
196.5,7.745,True,"[0, 7, 7, 4, 5]"
197.0,7.725,True,"[0, 7, 7, 2, 5]"
197.5,7.725,True,"[0, 7, 7, 2, 5]"
198.0,7.715,True,"[0, 7, 7, 1, 5]"
198.5,7.715,True,"[0, 7, 7, 1, 5]"
199.0,7.725,True,"[0, 7, 7, 2, 5]"
199.5,7.725,True,"[0, 7, 7, 2, 5]"
200.0,7.725,True,"[0, 7, 7, 2, 5]"
200.5,7.725,True,"[0, 7, 7, 2, 5]"
201.0,7.925,True,"[0, 7, 9, 2, 5]"
201.5,7.725,True,"[0, 7, 7, 2, 5]"
202.0,7.925,True,"[0, 7, 9, 2, 5]"
202.5,7.715,True,"[0, 7, 7, 1, 5]"
203.0,7.765,True,"[0, 7, 7, 6, 5]"
203.5,7.725,True,"[0, 7, 7, 2, 5]"
204.0,7.725,True,"[0, 7, 7, 2, 5]"
204.5,7.925,True,"[0, 7, 9, 2, 5]"
205.0,7.725,True,"[0, 7, 7, 2, 5]"
205.5,7.925,True,"[0, 7, 9, 2, 5]"
206.0,7.725,True,"[0, 7, 7, 2, 5]"
206.5,7.726,True,"[0, 7, 7, 2, 6]"
207.0,7.925,True,"[0, 7, 9, 2, 5]"
207.5,7.925,True,"[0, 7, 9, 2, 5]"
208.0,7.715,True,"[0, 7, 7, 1, 5]"
208.5,7.725,True,"[0, 7, 7, 2, 5]"
209.0,7.975,True,"[0, 7, 9, 7, 5]"
209.5,7.725,True,"[0, 7, 7, 2, 5]"
210.0,7.925,True,"[0, 7, 9, 2, 5]"
210.5,7.925,True,"[0, 7, 9, 2, 5]"
211.0,7.925,True,"[0, 7, 9, 2, 5]"
211.5,7.925,True,"[0, 7, 9, 2, 5]"
212.0,7.925,True,"[0, 7, 9, 2, 5]"
212.5,7.725,True,"[0, 7, 7, 2, 5]"
213.0,7.925,True,"[0, 7, 9, 2, 5]"
213.5,7.925,True,"[0, 7, 9, 2, 5]"
214.0,7.925,True,"[0, 7, 9, 2, 5]"
214.5,7.725,True,"[0, 7, 7, 2, 5]"
215.0,7.975,True,"[0, 7, 9, 7, 5]"
215.5,7.713,True,"[0, 7, 7, 1, 3]"
216.0,7.925,True,"[0, 7, 9, 2, 5]"
216.5,7.725,True,"[0, 7, 7, 2, 5]"
217.0,7.925,True,"[0, 7, 9, 2, 5]"
217.5,7.925,True,"[0, 7, 9, 2, 5]"
218.0,7.945,True,"[0, 7, 9, 4, 5]"
218.5,7.975,True,"[0, 7, 9, 7, 5]"
219.0,7.725,True,"[0, 7, 7, 2, 5]"
219.5,7.925,True,"[0, 7, 9, 2, 5]"
220.0,7.715,True,"[0, 7, 7, 1, 5]"
220.5,7.925,True,"[0, 7, 9, 2, 5]"
221.0,7.715,True,"[0, 7, 7, 1, 5]"
221.5,7.925,True,"[0, 7, 9, 2, 5]"
222.0,7.925,True,"[0, 7, 9, 2, 5]"
222.5,7.715,True,"[0, 7, 7, 1, 5]"
223.0,7.725,True,"[0, 7, 7, 2, 5]"
223.5,7.975,True,"[0, 7, 9, 7, 5]"
224.0,7.745,True,"[0, 7, 7, 4, 5]"
224.5,7.725,True,"[0, 7, 7, 2, 5]"
225.0,7.725,True,"[0, 7, 7, 2, 5]"
225.5,7.925,True,"[0, 7, 9, 2, 5]"
226.0,7.925,True,"[0, 7, 9, 2, 5]"
226.5,7.725,True,"[0, 7, 7, 2, 5]"
227.0,7.975,True,"[0, 7, 9, 7, 5]"
227.5,7.925,True,"[0, 7, 9, 2, 5]"
228.0,7.925,True,"[0, 7, 9, 2, 5]"
228.5,7.715,True,"[0, 7, 7, 1, 5]"
229.0,7.925,True,"[0, 7, 9, 2, 5]"
229.5,7.725,True,"[0, 7, 7, 2, 5]"
230.0,7.775,True,"[0, 7, 7, 7, 5]"
230.5,7.975,True,"[0, 7, 9, 7, 5]"
231.0,7.925,True,"[0, 7, 9, 2, 5]"
231.5,7.925,True,"[0, 7, 9, 2, 5]"
232.0,7.945,True,"[0, 7, 9, 4, 5]"
232.5,7.925,True,"[0, 7, 9, 2, 5]"
233.0,7.945,True,"[0, 7, 9, 4, 5]"
233.5,7.915,True,"[0, 7, 9, 1, 5]"
234.0,7.925,True,"[0, 7, 9, 2, 5]"
234.5,7.975,True,"[0, 7, 9, 7, 5]"
235.0,7.925,True,"[0, 7, 9, 2, 5]"
235.5,7.915,True,"[0, 7, 9, 1, 5]"
236.0,7.945,True,"[0, 7, 9, 4, 5]"
236.5,7.945,True,"[0, 7, 9, 4, 5]"
237.0,7.925,True,"[0, 7, 9, 2, 5]"
237.5,7.975,True,"[0, 7, 9, 7, 5]"
238.0,7.975,True,"[0, 7, 9, 7, 5]"
238.5,7.945,True,"[0, 7, 9, 4, 5]"
239.0,7.976,True,"[0, 7, 9, 7, 6]"
239.5,7.925,True,"[0, 7, 9, 2, 5]"
240.0,7.975,True,"[0, 7, 9, 7, 5]"
240.5,7.925,True,"[0, 7, 9, 2, 5]"
241.0,7.926,True,"[0, 7, 9, 2, 6]"
241.5,7.925,True,"[0, 7, 9, 2, 5]"
242.0,7.915,True,"[0, 7, 9, 1, 5]"
242.5,7.925,True,"[0, 7, 9, 2, 5]"
243.0,7.945,True,"[0, 7, 9, 4, 5]"
243.5,7.975,True,"[0, 7, 9, 7, 5]"
244.0,7.975,True,"[0, 7, 9, 7, 5]"
244.5,7.976,True,"[0, 7, 9, 7, 6]"
245.0,7.725,True,"[0, 7, 7, 2, 5]"
245.5,7.725,True,"[0, 7, 7, 2, 5]"
246.0,7.725,True,"[0, 7, 7, 2, 5]"
246.5,7.725,True,"[0, 7, 7, 2, 5]"
247.0,7.715,True,"[0, 7, 7, 1, 5]"
247.5,7.715,True,"[0, 7, 7, 1, 5]"
248.0,7.775,True,"[0, 7, 7, 7, 5]"
248.5,7.725,True,"[0, 7, 7, 2, 5]"
249.0,7.745,True,"[0, 7, 7, 4, 5]"
249.5,7.725,True,"[0, 7, 7, 2, 5]"
250.0,7.725,True,"[0, 7, 7, 2, 5]"
250.5,7.745,True,"[0, 7, 7, 4, 5]"
251.0,7.745,True,"[0, 7, 7, 4, 5]"
251.5,7.725,True,"[0, 7, 7, 2, 5]"
252.0,7.775,True,"[0, 7, 7, 7, 5]"
252.5,7.626,True,"[0, 7, 6, 2, 6]"
253.0,7.625,True,"[0, 7, 6, 2, 5]"
253.5,7.616,True,"[0, 7, 6, 1, 6]"
254.0,7.666,True,"[0, 7, 6, 6, 6]"
254.5,7.615,True,"[0, 7, 6, 1, 5]"
255.0,7.666,True,"[0, 7, 6, 6, 6]"
255.5,7.645,True,"[0, 7, 6, 4, 5]"
256.0,7.625,True,"[0, 7, 6, 2, 5]"
256.5,7.616,True,"[0, 7, 6, 1, 6]"
257.0,7.646,True,"[0, 7, 6, 4, 6]"
257.5,7.625,True,"[0, 7, 6, 2, 5]"
258.0,7.645,True,"[0, 7, 6, 4, 5]"
258.5,7.626,True,"[0, 7, 6, 2, 6]"
259.0,7.626,True,"[0, 7, 6, 2, 6]"
259.5,7.645,True,"[0, 7, 6, 4, 5]"
260.0,7.625,True,"[0, 7, 6, 2, 5]"
260.5,7.625,True,"[0, 7, 6, 2, 5]"
261.0,7.625,True,"[0, 7, 6, 2, 5]"
261.5,7.625,True,"[0, 7, 6, 2, 5]"
262.0,7.626,True,"[0, 7, 6, 2, 6]"
262.5,7.645,True,"[0, 7, 6, 4, 5]"
263.0,7.615,True,"[0, 7, 6, 1, 5]"
263.5,7.625,True,"[0, 7, 6, 2, 5]"
264.0,7.625,True,"[0, 7, 6, 2, 5]"
264.5,7.645,True,"[0, 7, 6, 4, 5]"
265.0,7.625,True,"[0, 7, 6, 2, 5]"
265.5,7.626,True,"[0, 7, 6, 2, 6]"
266.0,7.646,True,"[0, 7, 6, 4, 6]"
266.5,7.645,True,"[0, 7, 6, 4, 5]"
267.0,7.615,True,"[0, 7, 6, 1, 5]"
267.5,7.645,True,"[0, 7, 6, 4, 5]"
268.0,7.625,True,"[0, 7, 6, 2, 5]"
268.5,7.643,True,"[0, 7, 6, 4, 3]"
269.0,7.626,True,"[0, 7, 6, 2, 6]"
269.5,7.676,True,"[0, 7, 6, 7, 6]"
270.0,7.645,True,"[0, 7, 6, 4, 5]"
270.5,7.645,True,"[0, 7, 6, 4, 5]"
271.0,7.625,True,"[0, 7, 6, 2, 5]"
271.5,7.615,True,"[0, 7, 6, 1, 5]"
272.0,7.645,True,"[0, 7, 6, 4, 5]"
272.5,7.645,True,"[0, 7, 6, 4, 5]"
273.0,7.625,True,"[0, 7, 6, 2, 5]"
273.5,7.615,True,"[0, 7, 6, 1, 5]"
274.0,7.625,True,"[0, 7, 6, 2, 5]"
274.5,7.625,True,"[0, 7, 6, 2, 5]"
275.0,7.646,True,"[0, 7, 6, 4, 6]"
275.5,7.625,True,"[0, 7, 6, 2, 5]"
276.0,7.646,True,"[0, 7, 6, 4, 6]"
276.5,7.645,True,"[0, 7, 6, 4, 5]"
277.0,7.645,True,"[0, 7, 6, 4, 5]"
277.5,7.625,True,"[0, 7, 6, 2, 5]"
278.0,7.626,True,"[0, 7, 6, 2, 6]"
278.5,7.625,True,"[0, 7, 6, 2, 5]"
279.0,7.625,True,"[0, 7, 6, 2, 5]"
279.5,7.645,True,"[0, 7, 6, 4, 5]"
280.0,7.625,True,"[0, 7, 6, 2, 5]"
280.5,7.645,True,"[0, 7, 6, 4, 5]"
281.0,7.625,True,"[0, 7, 6, 2, 5]"
281.5,7.625,True,"[0, 7, 6, 2, 5]"
282.0,7.625,True,"[0, 7, 6, 2, 5]"
282.5,7.625,True,"[0, 7, 6, 2, 5]"
283.0,7.645,True,"[0, 7, 6, 4, 5]"
283.5,7.625,True,"[0, 7, 6, 2, 5]"
284.0,7.645,True,"[0, 7, 6, 4, 5]"
284.5,7.645,True,"[0, 7, 6, 4, 5]"
285.0,7.645,True,"[0, 7, 6, 4, 5]"
285.5,7.645,True,"[0, 7, 6, 4, 5]"
286.0,7.645,True,"[0, 7, 6, 4, 5]"
286.5,7.625,True,"[0, 7, 6, 2, 5]"
287.0,7.625,True,"[0, 7, 6, 2, 5]"
287.5,7.646,True,"[0, 7, 6, 4, 6]"
288.0,7.673,True,"[0, 7, 6, 7, 3]"
288.5,7.625,True,"[0, 7, 6, 2, 5]"
289.0,7.645,True,"[0, 7, 6, 4, 5]"
289.5,7.645,True,"[0, 7, 6, 4, 5]"
290.0,7.625,True,"[0, 7, 6, 2, 5]"
290.5,7.615,True,"[0, 7, 6, 1, 5]"
291.0,7.625,True,"[0, 7, 6, 2, 5]"
291.5,7.616,True,"[0, 7, 6, 1, 6]"
292.0,7.615,True,"[0, 7, 6, 1, 5]"
292.5,7.645,True,"[0, 7, 6, 4, 5]"
293.0,7.645,True,"[0, 7, 6, 4, 5]"
293.5,7.645,True,"[0, 7, 6, 4, 5]"
294.0,7.675,True,"[0, 7, 6, 7, 5]"
294.5,7.625,True,"[0, 7, 6, 2, 5]"
295.0,7.676,True,"[0, 7, 6, 7, 6]"
295.5,7.645,True,"[0, 7, 6, 4, 5]"
296.0,7.675,True,"[0, 7, 6, 7, 5]"
296.5,7.615,True,"[0, 7, 6, 1, 5]"
297.0,7.625,True,"[0, 7, 6, 2, 5]"
297.5,7.645,True,"[0, 7, 6, 4, 5]"
298.0,7.625,True,"[0, 7, 6, 2, 5]"
298.5,7.676,True,"[0, 7, 6, 7, 6]"
299.0,7.625,True,"[0, 7, 6, 2, 5]"
299.5,7.645,True,"[0, 7, 6, 4, 5]"
300.0,7.645,True,"[0, 7, 6, 4, 5]"
300.5,7.625,True,"[0, 7, 6, 2, 5]"
301.0,7.625,True,"[0, 7, 6, 2, 5]"
301.5,7.673,True,"[0, 7, 6, 7, 3]"
302.0,7.623,True,"[0, 7, 6, 2, 3]"
302.5,7.615,True,"[0, 7, 6, 1, 5]"
303.0,7.625,True,"[0, 7, 6, 2, 5]"
303.5,7.645,True,"[0, 7, 6, 4, 5]"
304.0,7.673,True,"[0, 7, 6, 7, 3]"
304.5,7.625,True,"[0, 7, 6, 2, 5]"
305.0,7.626,True,"[0, 7, 6, 2, 6]"
305.5,7.673,True,"[0, 7, 6, 7, 3]"
306.0,7.625,True,"[0, 7, 6, 2, 5]"
306.5,7.673,True,"[0, 7, 6, 7, 3]"
307.0,7.625,True,"[0, 7, 6, 2, 5]"
307.5,7.645,True,"[0, 7, 6, 4, 5]"
308.0,7.625,True,"[0, 7, 6, 2, 5]"
308.5,7.615,True,"[0, 7, 6, 1, 5]"
309.0,7.625,True,"[0, 7, 6, 2, 5]"
309.5,7.673,True,"[0, 7, 6, 7, 3]"
310.0,7.625,True,"[0, 7, 6, 2, 5]"
310.5,7.616,True,"[0, 7, 6, 1, 6]"
311.0,7.625,True,"[0, 7, 6, 2, 5]"
311.5,7.676,True,"[0, 7, 6, 7, 6]"
312.0,7.626,True,"[0, 7, 6, 2, 6]"
312.5,7.625,True,"[0, 7, 6, 2, 5]"
313.0,7.625,True,"[0, 7, 6, 2, 5]"
313.5,7.676,True,"[0, 7, 6, 7, 6]"
314.0,7.615,True,"[0, 7, 6, 1, 5]"
314.5,7.625,True,"[0, 7, 6, 2, 5]"
315.0,7.675,True,"[0, 7, 6, 7, 5]"
315.5,7.625,True,"[0, 7, 6, 2, 5]"
316.0,7.645,True,"[0, 7, 6, 4, 5]"
316.5,7.615,True,"[0, 7, 6, 1, 5]"
317.0,7.645,True,"[0, 7, 6, 4, 5]"
317.5,7.673,True,"[0, 7, 6, 7, 3]"
318.0,7.645,True,"[0, 7, 6, 4, 5]"
318.5,7.676,True,"[0, 7, 6, 7, 6]"
319.0,7.625,True,"[0, 7, 6, 2, 5]"
319.5,7.645,True,"[0, 7, 6, 4, 5]"
320.0,7.643,True,"[0, 7, 6, 4, 3]"
320.5,7.615,True,"[0, 7, 6, 1, 5]"
321.0,7.626,True,"[0, 7, 6, 2, 6]"
321.5,7.673,True,"[0, 7, 6, 7, 3]"
322.0,7.625,True,"[0, 7, 6, 2, 5]"
322.5,7.645,True,"[0, 7, 6, 4, 5]"
323.0,7.625,True,"[0, 7, 6, 2, 5]"
323.5,7.625,True,"[0, 7, 6, 2, 5]"
324.0,7.646,True,"[0, 7, 6, 4, 6]"
324.5,7.616,True,"[0, 7, 6, 1, 6]"
325.0,7.645,True,"[0, 7, 6, 4, 5]"
325.5,7.625,True,"[0, 7, 6, 2, 5]"
326.0,7.643,True,"[0, 7, 6, 4, 3]"
326.5,7.625,True,"[0, 7, 6, 2, 5]"
327.0,7.625,True,"[0, 7, 6, 2, 5]"
327.5,7.625,True,"[0, 7, 6, 2, 5]"
328.0,7.645,True,"[0, 7, 6, 4, 5]"
328.5,7.625,True,"[0, 7, 6, 2, 5]"
329.0,7.625,True,"[0, 7, 6, 2, 5]"
329.5,7.623,True,"[0, 7, 6, 2, 3]"
330.0,7.615,True,"[0, 7, 6, 1, 5]"
330.5,7.645,True,"[0, 7, 6, 4, 5]"
331.0,7.645,True,"[0, 7, 6, 4, 5]"
331.5,7.645,True,"[0, 7, 6, 4, 5]"
332.0,7.643,True,"[0, 7, 6, 4, 3]"
332.5,7.676,True,"[0, 7, 6, 7, 6]"
333.0,7.645,True,"[0, 7, 6, 4, 5]"
333.5,7.625,True,"[0, 7, 6, 2, 5]"
334.0,7.645,True,"[0, 7, 6, 4, 5]"
334.5,7.675,True,"[0, 7, 6, 7, 5]"
335.0,7.625,True,"[0, 7, 6, 2, 5]"
335.5,7.625,True,"[0, 7, 6, 2, 5]"
336.0,7.645,True,"[0, 7, 6, 4, 5]"
336.5,7.615,True,"[0, 7, 6, 1, 5]"
337.0,7.645,True,"[0, 7, 6, 4, 5]"
337.5,7.645,True,"[0, 7, 6, 4, 5]"
338.0,7.613,True,"[0, 7, 6, 1, 3]"
338.5,7.673,True,"[0, 7, 6, 7, 3]"
339.0,7.675,True,"[0, 7, 6, 7, 5]"
339.5,7.673,True,"[0, 7, 6, 7, 3]"
340.0,7.626,True,"[0, 7, 6, 2, 6]"
340.5,7.675,True,"[0, 7, 6, 7, 5]"
341.0,7.615,True,"[0, 7, 6, 1, 5]"
341.5,7.643,True,"[0, 7, 6, 4, 3]"
342.0,7.615,True,"[0, 7, 6, 1, 5]"
342.5,7.625,True,"[0, 7, 6, 2, 5]"
343.0,7.646,True,"[0, 7, 6, 4, 6]"
343.5,7.645,True,"[0, 7, 6, 4, 5]"
344.0,7.615,True,"[0, 7, 6, 1, 5]"
344.5,7.626,True,"[0, 7, 6, 2, 6]"
345.0,7.625,True,"[0, 7, 6, 2, 5]"
345.5,7.616,True,"[0, 7, 6, 1, 6]"
346.0,7.645,True,"[0, 7, 6, 4, 5]"
346.5,7.625,True,"[0, 7, 6, 2, 5]"
347.0,7.675,True,"[0, 7, 6, 7, 5]"
347.5,7.643,True,"[0, 7, 6, 4, 3]"
348.0,7.616,True,"[0, 7, 6, 1, 6]"
348.5,7.615,True,"[0, 7, 6, 1, 5]"
349.0,7.625,True,"[0, 7, 6, 2, 5]"
349.5,7.673,True,"[0, 7, 6, 7, 3]"
350.0,7.673,True,"[0, 7, 6, 7, 3]"
350.5,7.645,True,"[0, 7, 6, 4, 5]"
351.0,7.626,True,"[0, 7, 6, 2, 6]"
351.5,7.645,True,"[0, 7, 6, 4, 5]"
352.0,7.615,True,"[0, 7, 6, 1, 5]"
352.5,7.675,True,"[0, 7, 6, 7, 5]"
353.0,7.646,True,"[0, 7, 6, 4, 6]"
353.5,7.615,True,"[0, 7, 6, 1, 5]"
354.0,7.615,True,"[0, 7, 6, 1, 5]"
354.5,7.625,True,"[0, 7, 6, 2, 5]"
355.0,7.626,True,"[0, 7, 6, 2, 6]"
355.5,7.645,True,"[0, 7, 6, 4, 5]"
356.0,7.623,True,"[0, 7, 6, 2, 3]"
356.5,7.675,True,"[0, 7, 6, 7, 5]"
357.0,7.626,True,"[0, 7, 6, 2, 6]"
357.5,7.645,True,"[0, 7, 6, 4, 5]"
358.0,7.615,True,"[0, 7, 6, 1, 5]"
358.5,7.645,True,"[0, 7, 6, 4, 5]"
359.0,7.646,True,"[0, 7, 6, 4, 6]"
359.5,7.676,True,"[0, 7, 6, 7, 6]"
360.0,7.675,True,"[0, 7, 6, 7, 5]"
360.5,7.645,True,"[0, 7, 6, 4, 5]"
361.0,7.616,True,"[0, 7, 6, 1, 6]"
361.5,7.625,True,"[0, 7, 6, 2, 5]"
362.0,7.625,True,"[0, 7, 6, 2, 5]"
362.5,7.623,True,"[0, 7, 6, 2, 3]"
363.0,7.625,True,"[0, 7, 6, 2, 5]"
363.5,7.645,True,"[0, 7, 6, 4, 5]"
364.0,7.626,True,"[0, 7, 6, 2, 6]"
364.5,7.625,True,"[0, 7, 6, 2, 5]"
365.0,7.725,True,"[0, 7, 7, 2, 5]"
365.5,7.745,True,"[0, 7, 7, 4, 5]"
366.0,7.745,True,"[0, 7, 7, 4, 5]"
366.5,7.725,True,"[0, 7, 7, 2, 5]"
367.0,7.725,True,"[0, 7, 7, 2, 5]"
367.5,7.925,True,"[0, 7, 9, 2, 5]"
368.0,7.723,True,"[0, 7, 7, 2, 3]"
368.5,7.715,True,"[0, 7, 7, 1, 5]"
369.0,7.915,True,"[0, 7, 9, 1, 5]"
369.5,7.925,True,"[0, 7, 9, 2, 5]"
370.0,7.725,True,"[0, 7, 7, 2, 5]"
370.5,7.945,True,"[0, 7, 9, 4, 5]"
371.0,7.765,True,"[0, 7, 7, 6, 5]"
371.5,7.925,True,"[0, 7, 9, 2, 5]"
372.0,7.926,True,"[0, 7, 9, 2, 6]"
372.5,7.926,True,"[0, 7, 9, 2, 6]"
373.0,7.925,True,"[0, 7, 9, 2, 5]"
373.5,7.915,True,"[0, 7, 9, 1, 5]"
374.0,7.713,True,"[0, 7, 7, 1, 3]"
374.5,7.825,True,"[0, 7, 8, 2, 5]"
375.0,7.825,True,"[0, 7, 8, 2, 5]"
375.5,7.825,True,"[0, 7, 8, 2, 5]"
376.0,7.845,True,"[0, 7, 8, 4, 5]"
376.5,7.815,True,"[0, 7, 8, 1, 5]"
377.0,7.825,True,"[0, 7, 8, 2, 5]"
377.5,7.845,True,"[0, 7, 8, 4, 5]"
378.0,7.825,True,"[0, 7, 8, 2, 5]"
378.5,7.815,True,"[0, 7, 8, 1, 5]"
379.0,7.845,True,"[0, 7, 8, 4, 5]"
379.5,7.825,True,"[0, 7, 8, 2, 5]"
380.0,7.825,True,"[0, 7, 8, 2, 5]"
380.5,7.815,True,"[0, 7, 8, 1, 5]"
381.0,7.825,True,"[0, 7, 8, 2, 5]"
381.5,7.845,True,"[0, 7, 8, 4, 5]"
382.0,7.813,True,"[0, 7, 8, 1, 3]"
382.5,7.825,True,"[0, 7, 8, 2, 5]"
383.0,7.825,True,"[0, 7, 8, 2, 5]"
383.5,7.825,True,"[0, 7, 8, 2, 5]"
384.0,7.825,True,"[0, 7, 8, 2, 5]"
384.5,7.825,True,"[0, 7, 8, 2, 5]"
385.0,7.825,True,"[0, 7, 8, 2, 5]"
385.5,7.825,True,"[0, 7, 8, 2, 5]"
386.0,7.815,True,"[0, 7, 8, 1, 5]"
386.5,7.773,True,"[0, 7, 7, 7, 3]"
387.0,7.825,True,"[0, 7, 8, 2, 5]"
387.5,7.863,True,"[0, 7, 8, 6, 3]"
388.0,7.725,True,"[0, 7, 7, 2, 5]"
388.5,7.725,True,"[0, 7, 7, 2, 5]"
389.0,7.825,True,"[0, 7, 8, 2, 5]"
389.5,7.825,True,"[0, 7, 8, 2, 5]"
390.0,7.725,True,"[0, 7, 7, 2, 5]"
390.5,7.825,True,"[0, 7, 8, 2, 5]"
391.0,7.825,True,"[0, 7, 8, 2, 5]"
391.5,7.825,True,"[0, 7, 8, 2, 5]"
392.0,7.815,True,"[0, 7, 8, 1, 5]"
392.5,7.825,True,"[0, 7, 8, 2, 5]"
393.0,7.625,True,"[0, 7, 6, 2, 5]"
393.5,7.776,True,"[0, 7, 7, 7, 6]"
394.0,7.725,True,"[0, 7, 7, 2, 5]"
394.5,7.725,True,"[0, 7, 7, 2, 5]"
395.0,7.825,True,"[0, 7, 8, 2, 5]"
395.5,7.725,True,"[0, 7, 7, 2, 5]"
396.0,7.725,True,"[0, 7, 7, 2, 5]"
396.5,7.825,True,"[0, 7, 8, 2, 5]"
397.0,7.745,True,"[0, 7, 7, 4, 5]"
397.5,7.825,True,"[0, 7, 8, 2, 5]"
398.0,7.745,True,"[0, 7, 7, 4, 5]"
398.5,7.776,True,"[0, 7, 7, 7, 6]"
399.0,7.773,True,"[0, 7, 7, 7, 3]"
399.5,7.725,True,"[0, 7, 7, 2, 5]"
400.0,7.776,True,"[0, 7, 7, 7, 6]"
400.5,7.825,True,"[0, 7, 8, 2, 5]"
401.0,7.725,True,"[0, 7, 7, 2, 5]"
401.5,7.775,True,"[0, 7, 7, 7, 5]"
402.0,7.725,True,"[0, 7, 7, 2, 5]"
402.5,7.725,True,"[0, 7, 7, 2, 5]"
403.0,7.825,True,"[0, 7, 8, 2, 5]"
403.5,7.715,True,"[0, 7, 7, 1, 5]"
404.0,7.725,True,"[0, 7, 7, 2, 5]"
404.5,7.775,True,"[0, 7, 7, 7, 5]"
405.0,7.725,True,"[0, 7, 7, 2, 5]"
405.5,7.715,True,"[0, 7, 7, 1, 5]"
406.0,7.775,True,"[0, 7, 7, 7, 5]"
406.5,7.773,True,"[0, 7, 7, 7, 3]"
407.0,7.725,True,"[0, 7, 7, 2, 5]"
407.5,7.725,True,"[0, 7, 7, 2, 5]"
408.0,7.725,True,"[0, 7, 7, 2, 5]"
408.5,7.745,True,"[0, 7, 7, 4, 5]"
409.0,7.825,True,"[0, 7, 8, 2, 5]"
409.5,7.725,True,"[0, 7, 7, 2, 5]"
410.0,7.745,True,"[0, 7, 7, 4, 5]"
410.5,7.725,True,"[0, 7, 7, 2, 5]"
411.0,7.725,True,"[0, 7, 7, 2, 5]"
411.5,7.745,True,"[0, 7, 7, 4, 5]"
412.0,7.745,True,"[0, 7, 7, 4, 5]"
412.5,7.745,True,"[0, 7, 7, 4, 5]"
413.0,7.773,True,"[0, 7, 7, 7, 3]"
413.5,7.725,True,"[0, 7, 7, 2, 5]"
414.0,7.745,True,"[0, 7, 7, 4, 5]"
414.5,7.725,True,"[0, 7, 7, 2, 5]"
415.0,7.725,True,"[0, 7, 7, 2, 5]"
415.5,7.745,True,"[0, 7, 7, 4, 5]"
416.0,7.745,True,"[0, 7, 7, 4, 5]"
416.5,7.745,True,"[0, 7, 7, 4, 5]"
417.0,7.725,True,"[0, 7, 7, 2, 5]"
417.5,7.745,True,"[0, 7, 7, 4, 5]"
418.0,7.745,True,"[0, 7, 7, 4, 5]"
418.5,7.715,True,"[0, 7, 7, 1, 5]"
419.0,7.776,True,"[0, 7, 7, 7, 6]"
419.5,7.773,True,"[0, 7, 7, 7, 3]"
420.0,7.745,True,"[0, 7, 7, 4, 5]"
420.5,7.716,True,"[0, 7, 7, 1, 6]"
421.0,7.725,True,"[0, 7, 7, 2, 5]"
421.5,7.725,True,"[0, 7, 7, 2, 5]"
422.0,7.745,True,"[0, 7, 7, 4, 5]"
422.5,7.725,True,"[0, 7, 7, 2, 5]"
423.0,7.773,True,"[0, 7, 7, 7, 3]"
423.5,7.776,True,"[0, 7, 7, 7, 6]"
424.0,7.725,True,"[0, 7, 7, 2, 5]"
424.5,7.745,True,"[0, 7, 7, 4, 5]"
425.0,7.745,True,"[0, 7, 7, 4, 5]"
425.5,7.725,True,"[0, 7, 7, 2, 5]"
426.0,7.715,True,"[0, 7, 7, 1, 5]"
426.5,7.776,True,"[0, 7, 7, 7, 6]"
427.0,7.773,True,"[0, 7, 7, 7, 3]"
427.5,7.725,True,"[0, 7, 7, 2, 5]"
428.0,7.715,True,"[0, 7, 7, 1, 5]"
428.5,7.745,True,"[0, 7, 7, 4, 5]"
429.0,7.745,True,"[0, 7, 7, 4, 5]"
429.5,7.746,True,"[0, 7, 7, 4, 6]"
430.0,7.745,True,"[0, 7, 7, 4, 5]"
430.5,7.745,True,"[0, 7, 7, 4, 5]"
431.0,7.743,True,"[0, 7, 7, 4, 3]"
431.5,7.715,True,"[0, 7, 7, 1, 5]"
432.0,7.725,True,"[0, 7, 7, 2, 5]"
432.5,7.745,True,"[0, 7, 7, 4, 5]"
433.0,7.776,True,"[0, 7, 7, 7, 6]"
433.5,7.725,True,"[0, 7, 7, 2, 5]"
434.0,7.745,True,"[0, 7, 7, 4, 5]"
434.5,7.745,True,"[0, 7, 7, 4, 5]"
435.0,7.745,True,"[0, 7, 7, 4, 5]"
435.5,7.775,True,"[0, 7, 7, 7, 5]"
436.0,7.725,True,"[0, 7, 7, 2, 5]"
436.5,7.725,True,"[0, 7, 7, 2, 5]"
437.0,7.725,True,"[0, 7, 7, 2, 5]"
437.5,7.725,True,"[0, 7, 7, 2, 5]"
438.0,7.745,True,"[0, 7, 7, 4, 5]"
438.5,7.725,True,"[0, 7, 7, 2, 5]"
439.0,7.725,True,"[0, 7, 7, 2, 5]"
439.5,7.725,True,"[0, 7, 7, 2, 5]"
440.0,7.725,True,"[0, 7, 7, 2, 5]"
440.5,7.725,True,"[0, 7, 7, 2, 5]"
441.0,7.715,True,"[0, 7, 7, 1, 5]"
441.5,7.745,True,"[0, 7, 7, 4, 5]"
442.0,7.725,True,"[0, 7, 7, 2, 5]"
442.5,7.725,True,"[0, 7, 7, 2, 5]"
443.0,7.725,True,"[0, 7, 7, 2, 5]"
443.5,7.725,True,"[0, 7, 7, 2, 5]"
444.0,7.725,True,"[0, 7, 7, 2, 5]"
444.5,7.715,True,"[0, 7, 7, 1, 5]"
445.0,7.725,True,"[0, 7, 7, 2, 5]"
445.5,7.725,True,"[0, 7, 7, 2, 5]"
446.0,7.726,True,"[0, 7, 7, 2, 6]"
446.5,7.745,True,"[0, 7, 7, 4, 5]"
447.0,7.726,True,"[0, 7, 7, 2, 6]"
447.5,7.725,True,"[0, 7, 7, 2, 5]"
448.0,7.725,True,"[0, 7, 7, 2, 5]"
448.5,7.725,True,"[0, 7, 7, 2, 5]"
449.0,7.725,True,"[0, 7, 7, 2, 5]"
449.5,7.725,True,"[0, 7, 7, 2, 5]"
450.0,7.725,True,"[0, 7, 7, 2, 5]"
450.5,7.715,True,"[0, 7, 7, 1, 5]"
451.0,7.725,True,"[0, 7, 7, 2, 5]"
451.5,7.745,True,"[0, 7, 7, 4, 5]"
452.0,7.625,True,"[0, 7, 6, 2, 5]"
452.5,7.625,True,"[0, 7, 6, 2, 5]"
453.0,7.725,True,"[0, 7, 7, 2, 5]"
453.5,7.725,True,"[0, 7, 7, 2, 5]"
454.0,7.725,True,"[0, 7, 7, 2, 5]"
454.5,7.725,True,"[0, 7, 7, 2, 5]"
455.0,7.625,True,"[0, 7, 6, 2, 5]"
455.5,7.625,True,"[0, 7, 6, 2, 5]"
456.0,7.625,True,"[0, 7, 6, 2, 5]"
456.5,7.725,True,"[0, 7, 7, 2, 5]"
457.0,7.716,True,"[0, 7, 7, 1, 6]"
457.5,6.725,True,"[0, 6, 7, 2, 5]"
458.0,7.725,True,"[0, 7, 7, 2, 5]"
458.5,7.725,True,"[0, 7, 7, 2, 5]"
459.0,7.725,True,"[0, 7, 7, 2, 5]"
459.5,7.625,True,"[0, 7, 6, 2, 5]"
460.0,7.675,True,"[0, 7, 6, 7, 5]"
460.5,7.676,True,"[0, 7, 6, 7, 6]"
461.0,7.625,True,"[0, 7, 6, 2, 5]"
461.5,7.625,True,"[0, 7, 6, 2, 5]"
462.0,7.615,True,"[0, 7, 6, 1, 5]"
462.5,7.625,True,"[0, 7, 6, 2, 5]"
463.0,7.625,True,"[0, 7, 6, 2, 5]"
463.5,7.625,True,"[0, 7, 6, 2, 5]"
464.0,7.615,True,"[0, 7, 6, 1, 5]"
464.5,7.645,True,"[0, 7, 6, 4, 5]"
465.0,7.625,True,"[0, 7, 6, 2, 5]"
465.5,7.725,True,"[0, 7, 7, 2, 5]"
466.0,7.645,True,"[0, 7, 6, 4, 5]"
466.5,7.645,True,"[0, 7, 6, 4, 5]"
467.0,7.625,True,"[0, 7, 6, 2, 5]"
467.5,7.645,True,"[0, 7, 6, 4, 5]"
468.0,7.625,True,"[0, 7, 6, 2, 5]"
468.5,7.625,True,"[0, 7, 6, 2, 5]"
469.0,7.675,True,"[0, 7, 6, 7, 5]"
469.5,7.625,True,"[0, 7, 6, 2, 5]"
470.0,7.645,True,"[0, 7, 6, 4, 5]"
470.5,7.645,True,"[0, 7, 6, 4, 5]"
471.0,7.675,True,"[0, 7, 6, 7, 5]"
471.5,7.675,True,"[0, 7, 6, 7, 5]"
472.0,7.645,True,"[0, 7, 6, 4, 5]"
472.5,7.676,True,"[0, 7, 6, 7, 6]"
473.0,7.625,True,"[0, 7, 6, 2, 5]"
473.5,7.645,True,"[0, 7, 6, 4, 5]"
474.0,6.645,True,"[0, 6, 6, 4, 5]"
474.5,7.615,True,"[0, 7, 6, 1, 5]"
475.0,7.615,True,"[0, 7, 6, 1, 5]"
475.5,7.645,True,"[0, 7, 6, 4, 5]"
476.0,7.645,True,"[0, 7, 6, 4, 5]"
476.5,7.625,True,"[0, 7, 6, 2, 5]"
477.0,7.645,True,"[0, 7, 6, 4, 5]"
477.5,7.645,True,"[0, 7, 6, 4, 5]"
478.0,7.625,True,"[0, 7, 6, 2, 5]"
478.5,7.615,True,"[0, 7, 6, 1, 5]"
479.0,7.645,True,"[0, 7, 6, 4, 5]"
479.5,6.625,True,"[0, 6, 6, 2, 5]"
480.0,7.615,True,"[0, 7, 6, 1, 5]"
480.5,7.625,True,"[0, 7, 6, 2, 5]"
481.0,7.645,True,"[0, 7, 6, 4, 5]"
481.5,7.645,True,"[0, 7, 6, 4, 5]"
482.0,7.625,True,"[0, 7, 6, 2, 5]"
482.5,7.625,True,"[0, 7, 6, 2, 5]"
483.0,7.645,True,"[0, 7, 6, 4, 5]"
483.5,7.645,True,"[0, 7, 6, 4, 5]"
484.0,7.645,True,"[0, 7, 6, 4, 5]"
484.5,7.675,True,"[0, 7, 6, 7, 5]"
485.0,7.725,True,"[0, 7, 7, 2, 5]"
485.5,7.716,True,"[0, 7, 7, 1, 6]"
486.0,7.725,True,"[0, 7, 7, 2, 5]"
486.5,7.745,True,"[0, 7, 7, 4, 5]"
487.0,7.725,True,"[0, 7, 7, 2, 5]"
487.5,7.725,True,"[0, 7, 7, 2, 5]"
488.0,7.815,True,"[0, 7, 8, 1, 5]"
488.5,7.825,True,"[0, 7, 8, 2, 5]"
489.0,7.725,True,"[0, 7, 7, 2, 5]"
489.5,7.815,True,"[0, 7, 8, 1, 5]"
490.0,7.825,True,"[0, 7, 8, 2, 5]"
490.5,7.815,True,"[0, 7, 8, 1, 5]"
491.0,7.725,True,"[0, 7, 7, 2, 5]"
491.5,6.825,True,"[0, 6, 8, 2, 5]"
492.0,7.825,True,"[0, 7, 8, 2, 5]"
492.5,7.825,True,"[0, 7, 8, 2, 5]"
493.0,7.815,True,"[0, 7, 8, 1, 5]"
493.5,7.825,True,"[0, 7, 8, 2, 5]"
494.0,7.865,True,"[0, 7, 8, 6, 5]"
494.5,7.845,True,"[0, 7, 8, 4, 5]"
495.0,7.825,True,"[0, 7, 8, 2, 5]"
495.5,7.825,True,"[0, 7, 8, 2, 5]"
496.0,7.825,True,"[0, 7, 8, 2, 5]"
496.5,7.846,True,"[0, 7, 8, 4, 6]"
497.0,7.825,True,"[0, 7, 8, 2, 5]"
497.5,7.825,True,"[0, 7, 8, 2, 5]"
498.0,7.825,True,"[0, 7, 8, 2, 5]"
498.5,7.825,True,"[0, 7, 8, 2, 5]"
499.0,6.825,True,"[0, 6, 8, 2, 5]"
499.5,7.815,True,"[0, 7, 8, 1, 5]"
500.0,7.825,True,"[0, 7, 8, 2, 5]"
500.5,6.825,True,"[0, 6, 8, 2, 5]"
501.0,7.825,True,"[0, 7, 8, 2, 5]"
501.5,7.825,True,"[0, 7, 8, 2, 5]"
502.0,7.825,True,"[0, 7, 8, 2, 5]"
502.5,7.845,True,"[0, 7, 8, 4, 5]"
503.0,7.815,True,"[0, 7, 8, 1, 5]"
503.5,7.825,True,"[0, 7, 8, 2, 5]"
504.0,7.825,True,"[0, 7, 8, 2, 5]"
504.5,7.825,True,"[0, 7, 8, 2, 5]"
505.0,7.845,True,"[0, 7, 8, 4, 5]"
505.5,7.815,True,"[0, 7, 8, 1, 5]"
506.0,7.825,True,"[0, 7, 8, 2, 5]"
506.5,6.825,True,"[0, 6, 8, 2, 5]"
507.0,7.825,True,"[0, 7, 8, 2, 5]"
507.5,7.815,True,"[0, 7, 8, 1, 5]"
508.0,7.845,True,"[0, 7, 8, 4, 5]"
508.5,7.825,True,"[0, 7, 8, 2, 5]"
509.0,7.815,True,"[0, 7, 8, 1, 5]"
509.5,7.825,True,"[0, 7, 8, 2, 5]"
510.0,6.825,True,"[0, 6, 8, 2, 5]"
510.5,7.815,True,"[0, 7, 8, 1, 5]"
511.0,7.825,True,"[0, 7, 8, 2, 5]"
511.5,7.825,True,"[0, 7, 8, 2, 5]"
512.0,6.825,True,"[0, 6, 8, 2, 5]"
512.5,6.825,True,"[0, 6, 8, 2, 5]"
513.0,7.825,True,"[0, 7, 8, 2, 5]"
513.5,7.825,True,"[0, 7, 8, 2, 5]"
514.0,7.825,True,"[0, 7, 8, 2, 5]"
514.5,7.825,True,"[0, 7, 8, 2, 5]"
515.0,7.825,True,"[0, 7, 8, 2, 5]"
515.5,7.825,True,"[0, 7, 8, 2, 5]"
516.0,7.825,True,"[0, 7, 8, 2, 5]"
516.5,7.825,True,"[0, 7, 8, 2, 5]"
517.0,7.845,True,"[0, 7, 8, 4, 5]"
517.5,7.825,True,"[0, 7, 8, 2, 5]"
518.0,7.845,True,"[0, 7, 8, 4, 5]"
518.5,7.815,True,"[0, 7, 8, 1, 5]"
519.0,7.845,True,"[0, 7, 8, 4, 5]"
519.5,7.845,True,"[0, 7, 8, 4, 5]"
520.0,7.845,True,"[0, 7, 8, 4, 5]"
520.5,7.825,True,"[0, 7, 8, 2, 5]"
521.0,7.875,True,"[0, 7, 8, 7, 5]"
521.5,7.845,True,"[0, 7, 8, 4, 5]"
522.0,6.845,True,"[0, 6, 8, 4, 5]"
522.5,7.815,True,"[0, 7, 8, 1, 5]"
523.0,7.815,True,"[0, 7, 8, 1, 5]"
523.5,6.845,True,"[0, 6, 8, 4, 5]"
524.0,7.875,True,"[0, 7, 8, 7, 5]"
524.5,7.815,True,"[0, 7, 8, 1, 5]"
525.0,7.875,True,"[0, 7, 8, 7, 5]"
525.5,7.845,True,"[0, 7, 8, 4, 5]"
526.0,7.815,True,"[0, 7, 8, 1, 5]"
526.5,7.815,True,"[0, 7, 8, 1, 5]"
527.0,7.825,True,"[0, 7, 8, 2, 5]"
527.5,6.815,True,"[0, 6, 8, 1, 5]"
528.0,6.875,True,"[0, 6, 8, 7, 5]"
528.5,7.815,True,"[0, 7, 8, 1, 5]"
529.0,7.825,True,"[0, 7, 8, 2, 5]"
529.5,6.825,True,"[0, 6, 8, 2, 5]"
530.0,7.815,True,"[0, 7, 8, 1, 5]"
530.5,7.845,True,"[0, 7, 8, 4, 5]"
531.0,6.845,True,"[0, 6, 8, 4, 5]"
531.5,7.815,True,"[0, 7, 8, 1, 5]"
532.0,7.845,True,"[0, 7, 8, 4, 5]"
532.5,7.815,True,"[0, 7, 8, 1, 5]"
533.0,6.845,True,"[0, 6, 8, 4, 5]"
533.5,7.875,True,"[0, 7, 8, 7, 5]"
534.0,7.875,True,"[0, 7, 8, 7, 5]"
534.5,7.875,True,"[0, 7, 8, 7, 5]"
535.0,6.825,True,"[0, 6, 8, 2, 5]"
535.5,7.825,True,"[0, 7, 8, 2, 5]"
536.0,7.815,True,"[0, 7, 8, 1, 5]"
536.5,7.845,True,"[0, 7, 8, 4, 5]"
537.0,7.825,True,"[0, 7, 8, 2, 5]"
537.5,7.925,True,"[0, 7, 9, 2, 5]"
538.0,7.825,True,"[0, 7, 8, 2, 5]"
538.5,7.845,True,"[0, 7, 8, 4, 5]"
539.0,7.845,True,"[0, 7, 8, 4, 5]"
539.5,7.815,True,"[0, 7, 8, 1, 5]"
540.0,7.845,True,"[0, 7, 8, 4, 5]"
540.5,7.845,True,"[0, 7, 8, 4, 5]"
541.0,7.845,True,"[0, 7, 8, 4, 5]"
541.5,7.815,True,"[0, 7, 8, 1, 5]"
542.0,7.825,True,"[0, 7, 8, 2, 5]"
542.5,7.825,True,"[0, 7, 8, 2, 5]"
543.0,7.765,True,"[0, 7, 7, 6, 5]"
543.5,7.875,True,"[0, 7, 8, 7, 5]"
544.0,7.825,True,"[0, 7, 8, 2, 5]"
544.5,7.825,True,"[0, 7, 8, 2, 5]"
545.0,7.875,True,"[0, 7, 8, 7, 5]"
545.5,7.825,True,"[0, 7, 8, 2, 5]"
546.0,7.815,True,"[0, 7, 8, 1, 5]"
546.5,7.815,True,"[0, 7, 8, 1, 5]"
547.0,6.925,True,"[0, 6, 9, 2, 5]"
547.5,7.875,True,"[0, 7, 8, 7, 5]"
548.0,7.915,True,"[0, 7, 9, 1, 5]"
548.5,7.825,True,"[0, 7, 8, 2, 5]"
549.0,6.825,True,"[0, 6, 8, 2, 5]"
549.5,7.815,True,"[0, 7, 8, 1, 5]"
550.0,7.815,True,"[0, 7, 8, 1, 5]"
550.5,7.825,True,"[0, 7, 8, 2, 5]"
551.0,7.845,True,"[0, 7, 8, 4, 5]"
551.5,6.825,True,"[0, 6, 8, 2, 5]"
552.0,7.825,True,"[0, 7, 8, 2, 5]"
552.5,7.815,True,"[0, 7, 8, 1, 5]"
553.0,7.825,True,"[0, 7, 8, 2, 5]"
553.5,6.845,True,"[0, 6, 8, 4, 5]"
554.0,7.825,True,"[0, 7, 8, 2, 5]"
554.5,7.815,True,"[0, 7, 8, 1, 5]"
555.0,6.815,True,"[0, 6, 8, 1, 5]"
555.5,7.825,True,"[0, 7, 8, 2, 5]"
556.0,7.815,True,"[0, 7, 8, 1, 5]"
556.5,7.845,True,"[0, 7, 8, 4, 5]"
557.0,6.825,True,"[0, 6, 8, 2, 5]"
557.5,7.815,True,"[0, 7, 8, 1, 5]"
558.0,7.825,True,"[0, 7, 8, 2, 5]"
558.5,7.825,True,"[0, 7, 8, 2, 5]"
559.0,7.715,True,"[0, 7, 7, 1, 5]"
559.5,6.825,True,"[0, 6, 8, 2, 5]"
560.0,7.815,True,"[0, 7, 8, 1, 5]"
560.5,7.815,True,"[0, 7, 8, 1, 5]"
561.0,7.845,True,"[0, 7, 8, 4, 5]"
561.5,6.815,True,"[0, 6, 8, 1, 5]"
562.0,7.825,True,"[0, 7, 8, 2, 5]"
562.5,7.815,True,"[0, 7, 8, 1, 5]"
563.0,7.875,True,"[0, 7, 8, 7, 5]"
563.5,7.875,True,"[0, 7, 8, 7, 5]"
564.0,7.825,True,"[0, 7, 8, 2, 5]"
564.5,7.865,True,"[0, 7, 8, 6, 5]"
565.0,7.825,True,"[0, 7, 8, 2, 5]"
565.5,7.825,True,"[0, 7, 8, 2, 5]"
566.0,7.845,True,"[0, 7, 8, 4, 5]"
566.5,7.825,True,"[0, 7, 8, 2, 5]"
567.0,7.845,True,"[0, 7, 8, 4, 5]"
567.5,7.815,True,"[0, 7, 8, 1, 5]"
568.0,6.845,True,"[0, 6, 8, 4, 5]"
568.5,7.825,True,"[0, 7, 8, 2, 5]"
569.0,7.825,True,"[0, 7, 8, 2, 5]"
569.5,7.825,True,"[0, 7, 8, 2, 5]"
570.0,7.825,True,"[0, 7, 8, 2, 5]"
570.5,7.825,True,"[0, 7, 8, 2, 5]"
571.0,7.825,True,"[0, 7, 8, 2, 5]"
571.5,6.825,True,"[0, 6, 8, 2, 5]"
572.0,7.825,True,"[0, 7, 8, 2, 5]"
572.5,7.825,True,"[0, 7, 8, 2, 5]"
573.0,7.815,True,"[0, 7, 8, 1, 5]"
573.5,7.815,True,"[0, 7, 8, 1, 5]"
574.0,6.825,True,"[0, 6, 8, 2, 5]"
574.5,7.825,True,"[0, 7, 8, 2, 5]"
575.0,7.825,True,"[0, 7, 8, 2, 5]"
575.5,7.825,True,"[0, 7, 8, 2, 5]"
576.0,7.845,True,"[0, 7, 8, 4, 5]"
576.5,7.825,True,"[0, 7, 8, 2, 5]"
577.0,7.825,True,"[0, 7, 8, 2, 5]"
577.5,7.825,True,"[0, 7, 8, 2, 5]"
578.0,6.825,True,"[0, 6, 8, 2, 5]"
578.5,7.825,True,"[0, 7, 8, 2, 5]"
579.0,7.815,True,"[0, 7, 8, 1, 5]"
579.5,7.825,True,"[0, 7, 8, 2, 5]"
580.0,7.825,True,"[0, 7, 8, 2, 5]"
580.5,6.825,True,"[0, 6, 8, 2, 5]"
581.0,7.815,True,"[0, 7, 8, 1, 5]"
581.5,7.825,True,"[0, 7, 8, 2, 5]"
582.0,7.815,True,"[0, 7, 8, 1, 5]"
582.5,6.825,True,"[0, 6, 8, 2, 5]"
583.0,7.825,True,"[0, 7, 8, 2, 5]"
583.5,7.825,True,"[0, 7, 8, 2, 5]"
584.0,7.815,True,"[0, 7, 8, 1, 5]"
584.5,6.825,True,"[0, 6, 8, 2, 5]"
585.0,7.815,True,"[0, 7, 8, 1, 5]"
585.5,6.825,True,"[0, 6, 8, 2, 5]"
586.0,7.825,True,"[0, 7, 8, 2, 5]"
586.5,7.725,True,"[0, 7, 7, 2, 5]"
587.0,7.825,True,"[0, 7, 8, 2, 5]"
587.5,7.876,True,"[0, 7, 8, 7, 6]"
588.0,6.825,True,"[0, 6, 8, 2, 5]"
588.5,7.815,True,"[0, 7, 8, 1, 5]"
589.0,7.825,True,"[0, 7, 8, 2, 5]"
589.5,7.825,True,"[0, 7, 8, 2, 5]"
590.0,7.825,True,"[0, 7, 8, 2, 5]"
590.5,6.815,True,"[0, 6, 8, 1, 5]"
591.0,7.825,True,"[0, 7, 8, 2, 5]"
591.5,7.825,True,"[0, 7, 8, 2, 5]"
592.0,7.825,True,"[0, 7, 8, 2, 5]"
592.5,6.815,True,"[0, 6, 8, 1, 5]"
593.0,7.815,True,"[0, 7, 8, 1, 5]"
593.5,7.825,True,"[0, 7, 8, 2, 5]"
594.0,7.825,True,"[0, 7, 8, 2, 5]"
594.5,7.825,True,"[0, 7, 8, 2, 5]"
595.0,7.815,True,"[0, 7, 8, 1, 5]"
595.5,7.825,True,"[0, 7, 8, 2, 5]"
596.0,7.825,True,"[0, 7, 8, 2, 5]"
596.5,7.825,True,"[0, 7, 8, 2, 5]"
597.0,6.825,True,"[0, 6, 8, 2, 5]"
597.5,7.815,True,"[0, 7, 8, 1, 5]"
598.0,7.825,True,"[0, 7, 8, 2, 5]"
598.5,7.825,True,"[0, 7, 8, 2, 5]"
599.0,6.825,True,"[0, 6, 8, 2, 5]"
599.5,7.815,True,"[0, 7, 8, 1, 5]"
600.0,7.815,True,"[0, 7, 8, 1, 5]"
600.5,7.825,True,"[0, 7, 8, 2, 5]"
601.0,7.825,True,"[0, 7, 8, 2, 5]"
601.5,7.825,True,"[0, 7, 8, 2, 5]"
602.0,7.825,True,"[0, 7, 8, 2, 5]"
602.5,7.825,True,"[0, 7, 8, 2, 5]"
603.0,6.825,True,"[0, 6, 8, 2, 5]"
603.5,6.825,True,"[0, 6, 8, 2, 5]"
604.0,7.815,True,"[0, 7, 8, 1, 5]"
604.5,7.725,True,"[0, 7, 7, 2, 5]"
605.0,7.725,True,"[0, 7, 7, 2, 5]"
605.5,7.745,True,"[0, 7, 7, 4, 5]"
606.0,7.715,True,"[0, 7, 7, 1, 5]"
606.5,7.725,True,"[0, 7, 7, 2, 5]"
607.0,7.725,True,"[0, 7, 7, 2, 5]"
607.5,6.725,True,"[0, 6, 7, 2, 5]"
608.0,7.715,True,"[0, 7, 7, 1, 5]"
608.5,7.625,True,"[0, 7, 6, 2, 5]"
609.0,7.625,True,"[0, 7, 6, 2, 5]"
609.5,7.625,True,"[0, 7, 6, 2, 5]"
610.0,7.615,True,"[0, 7, 6, 1, 5]"
610.5,7.675,True,"[0, 7, 6, 7, 5]"
611.0,7.645,True,"[0, 7, 6, 4, 5]"
611.5,7.645,True,"[0, 7, 6, 4, 5]"
612.0,6.625,True,"[0, 6, 6, 2, 5]"
612.5,7.615,True,"[0, 7, 6, 1, 5]"
613.0,7.615,True,"[0, 7, 6, 1, 5]"
613.5,7.615,True,"[0, 7, 6, 1, 5]"
614.0,6.615,True,"[0, 6, 6, 1, 5]"
614.5,7.625,True,"[0, 7, 6, 2, 5]"
615.0,7.625,True,"[0, 7, 6, 2, 5]"
615.5,7.925,True,"[0, 7, 9, 2, 5]"
616.0,6.945,True,"[0, 6, 9, 4, 5]"
616.5,7.775,True,"[0, 7, 7, 7, 5]"
617.0,7.745,True,"[0, 7, 7, 4, 5]"
617.5,7.745,True,"[0, 7, 7, 4, 5]"
618.0,6.925,True,"[0, 6, 9, 2, 5]"
618.5,7.915,True,"[0, 7, 9, 1, 5]"
619.0,7.925,True,"[0, 7, 9, 2, 5]"
619.5,7.925,True,"[0, 7, 9, 2, 5]"
620.0,7.725,True,"[0, 7, 7, 2, 5]"
620.5,6.945,True,"[0, 6, 9, 4, 5]"
621.0,7.913,True,"[0, 7, 9, 1, 3]"
621.5,7.925,True,"[0, 7, 9, 2, 5]"
622.0,7.945,True,"[0, 7, 9, 4, 5]"
622.5,6.745,True,"[0, 6, 7, 4, 5]"
623.0,7.925,True,"[0, 7, 9, 2, 5]"
623.5,7.925,True,"[0, 7, 9, 2, 5]"
624.0,7.925,True,"[0, 7, 9, 2, 5]"
624.5,6.925,True,"[0, 6, 9, 2, 5]"
625.0,7.925,True,"[0, 7, 9, 2, 5]"
625.5,7.925,True,"[0, 7, 9, 2, 5]"
626.0,7.716,True,"[0, 7, 7, 1, 6]"
626.5,7.715,True,"[0, 7, 7, 1, 5]"
627.0,6.726,True,"[0, 6, 7, 2, 6]"
627.5,7.925,True,"[0, 7, 9, 2, 5]"
628.0,7.625,True,"[0, 7, 6, 2, 5]"
628.5,7.725,True,"[0, 7, 7, 2, 5]"
629.0,6.625,True,"[0, 6, 6, 2, 5]"
629.5,7.625,True,"[0, 7, 6, 2, 5]"
630.0,7.615,True,"[0, 7, 6, 1, 5]"
630.5,7.675,True,"[0, 7, 6, 7, 5]"
631.0,7.625,True,"[0, 7, 6, 2, 5]"
631.5,6.625,True,"[0, 6, 6, 2, 5]"
632.0,7.925,True,"[0, 7, 9, 2, 5]"
632.5,7.625,True,"[0, 7, 6, 2, 5]"
633.0,6.673,True,"[0, 6, 6, 7, 3]"
633.5,6.725,True,"[0, 6, 7, 2, 5]"
634.0,7.675,True,"[0, 7, 6, 7, 5]"
634.5,7.625,True,"[0, 7, 6, 2, 5]"
635.0,7.645,True,"[0, 7, 6, 4, 5]"
635.5,6.645,True,"[0, 6, 6, 4, 5]"
636.0,7.625,True,"[0, 7, 6, 2, 5]"
636.5,7.625,True,"[0, 7, 6, 2, 5]"
637.0,7.625,True,"[0, 7, 6, 2, 5]"
637.5,7.645,True,"[0, 7, 6, 4, 5]"
638.0,6.625,True,"[0, 6, 6, 2, 5]"
638.5,7.625,True,"[0, 7, 6, 2, 5]"
639.0,7.625,True,"[0, 7, 6, 2, 5]"
639.5,7.625,True,"[0, 7, 6, 2, 5]"
640.0,7.675,True,"[0, 7, 6, 7, 5]"
640.5,7.645,True,"[0, 7, 6, 4, 5]"
641.0,7.645,True,"[0, 7, 6, 4, 5]"
641.5,6.625,True,"[0, 6, 6, 2, 5]"
642.0,7.615,True,"[0, 7, 6, 1, 5]"
642.5,7.625,True,"[0, 7, 6, 2, 5]"
643.0,7.645,True,"[0, 7, 6, 4, 5]"
643.5,6.625,True,"[0, 6, 6, 2, 5]"
644.0,7.625,True,"[0, 7, 6, 2, 5]"
644.5,7.675,True,"[0, 7, 6, 7, 5]"
645.0,7.625,True,"[0, 7, 6, 2, 5]"
645.5,7.645,True,"[0, 7, 6, 4, 5]"
646.0,6.645,True,"[0, 6, 6, 4, 5]"
646.5,7.615,True,"[0, 7, 6, 1, 5]"
647.0,7.675,True,"[0, 7, 6, 7, 5]"
647.5,6.615,True,"[0, 6, 6, 1, 5]"
648.0,7.615,True,"[0, 7, 6, 1, 5]"
648.5,7.615,True,"[0, 7, 6, 1, 5]"
649.0,7.675,True,"[0, 7, 6, 7, 5]"
649.5,7.645,True,"[0, 7, 6, 4, 5]"
650.0,6.645,True,"[0, 6, 6, 4, 5]"
650.5,7.625,True,"[0, 7, 6, 2, 5]"
651.0,7.615,True,"[0, 7, 6, 1, 5]"
651.5,7.625,True,"[0, 7, 6, 2, 5]"
652.0,7.925,True,"[0, 7, 9, 2, 5]"
652.5,6.625,True,"[0, 6, 6, 2, 5]"
653.0,7.615,True,"[0, 7, 6, 1, 5]"
653.5,7.645,True,"[0, 7, 6, 4, 5]"
654.0,7.645,True,"[0, 7, 6, 4, 5]"
654.5,6.645,True,"[0, 6, 6, 4, 5]"
655.0,7.615,True,"[0, 7, 6, 1, 5]"
655.5,7.675,True,"[0, 7, 6, 7, 5]"
656.0,6.625,True,"[0, 6, 6, 2, 5]"
656.5,6.675,True,"[0, 6, 6, 7, 5]"
657.0,7.625,True,"[0, 7, 6, 2, 5]"
657.5,7.615,True,"[0, 7, 6, 1, 5]"
658.0,7.645,True,"[0, 7, 6, 4, 5]"
658.5,7.676,True,"[0, 7, 6, 7, 6]"
659.0,6.645,True,"[0, 6, 6, 4, 5]"
659.5,7.615,True,"[0, 7, 6, 1, 5]"
660.0,7.645,True,"[0, 7, 6, 4, 5]"
660.5,7.675,True,"[0, 7, 6, 7, 5]"
661.0,6.645,True,"[0, 6, 6, 4, 5]"
661.5,7.615,True,"[0, 7, 6, 1, 5]"
662.0,7.625,True,"[0, 7, 6, 2, 5]"
662.5,7.645,True,"[0, 7, 6, 4, 5]"
663.0,7.616,True,"[0, 7, 6, 1, 6]"
663.5,7.615,True,"[0, 7, 6, 1, 5]"
664.0,7.645,True,"[0, 7, 6, 4, 5]"
664.5,7.645,True,"[0, 7, 6, 4, 5]"
665.0,7.645,True,"[0, 7, 6, 4, 5]"
665.5,6.625,True,"[0, 6, 6, 2, 5]"
666.0,7.615,True,"[0, 7, 6, 1, 5]"
666.5,7.676,True,"[0, 7, 6, 7, 6]"
667.0,7.675,True,"[0, 7, 6, 7, 5]"
667.5,6.645,True,"[0, 6, 6, 4, 5]"
668.0,7.615,True,"[0, 7, 6, 1, 5]"
668.5,7.645,True,"[0, 7, 6, 4, 5]"
669.0,7.625,True,"[0, 7, 6, 2, 5]"
669.5,6.625,True,"[0, 6, 6, 2, 5]"
670.0,7.675,True,"[0, 7, 6, 7, 5]"
670.5,7.625,True,"[0, 7, 6, 2, 5]"
671.0,6.675,True,"[0, 6, 6, 7, 5]"
671.5,7.625,True,"[0, 7, 6, 2, 5]"
672.0,7.645,True,"[0, 7, 6, 4, 5]"
672.5,7.625,True,"[0, 7, 6, 2, 5]"
673.0,7.625,True,"[0, 7, 6, 2, 5]"
673.5,7.675,True,"[0, 7, 6, 7, 5]"
674.0,6.625,True,"[0, 6, 6, 2, 5]"
674.5,7.615,True,"[0, 7, 6, 1, 5]"
675.0,7.625,True,"[0, 7, 6, 2, 5]"
675.5,7.675,True,"[0, 7, 6, 7, 5]"
676.0,6.645,True,"[0, 6, 6, 4, 5]"
676.5,7.625,True,"[0, 7, 6, 2, 5]"
677.0,7.625,True,"[0, 7, 6, 2, 5]"
677.5,7.625,True,"[0, 7, 6, 2, 5]"
678.0,6.625,True,"[0, 6, 6, 2, 5]"
678.5,7.615,True,"[0, 7, 6, 1, 5]"
679.0,7.615,True,"[0, 7, 6, 1, 5]"
679.5,7.665,True,"[0, 7, 6, 6, 5]"
680.0,6.615,True,"[0, 6, 6, 1, 5]"
680.5,6.645,True,"[0, 6, 6, 4, 5]"
681.0,7.615,True,"[0, 7, 6, 1, 5]"
681.5,7.625,True,"[0, 7, 6, 2, 5]"
682.0,7.625,True,"[0, 7, 6, 2, 5]"
682.5,6.625,True,"[0, 6, 6, 2, 5]"
683.0,7.615,True,"[0, 7, 6, 1, 5]"
683.5,7.625,True,"[0, 7, 6, 2, 5]"
684.0,7.615,True,"[0, 7, 6, 1, 5]"
684.5,6.665,True,"[0, 6, 6, 6, 5]"
685.0,7.725,True,"[0, 7, 7, 2, 5]"
685.5,7.615,True,"[0, 7, 6, 1, 5]"
686.0,7.625,True,"[0, 7, 6, 2, 5]"
686.5,6.613,True,"[0, 6, 6, 1, 3]"
687.0,7.615,True,"[0, 7, 6, 1, 5]"
687.5,7.625,True,"[0, 7, 6, 2, 5]"
688.0,7.625,True,"[0, 7, 6, 2, 5]"
688.5,7.625,True,"[0, 7, 6, 2, 5]"
689.0,7.625,True,"[0, 7, 6, 2, 5]"
689.5,7.625,True,"[0, 7, 6, 2, 5]"
690.0,7.615,True,"[0, 7, 6, 1, 5]"
690.5,7.625,True,"[0, 7, 6, 2, 5]"
691.0,6.625,True,"[0, 6, 6, 2, 5]"
691.5,7.613,True,"[0, 7, 6, 1, 3]"
692.0,7.625,True,"[0, 7, 6, 2, 5]"
692.5,7.665,True,"[0, 7, 6, 6, 5]"
693.0,6.625,True,"[0, 6, 6, 2, 5]"
693.5,7.615,True,"[0, 7, 6, 1, 5]"
694.0,7.665,True,"[0, 7, 6, 6, 5]"
694.5,7.615,True,"[0, 7, 6, 1, 5]"
695.0,6.625,True,"[0, 6, 6, 2, 5]"
695.5,7.616,True,"[0, 7, 6, 1, 6]"
696.0,7.725,True,"[0, 7, 7, 2, 5]"
696.5,7.725,True,"[0, 7, 7, 2, 5]"
697.0,7.725,True,"[0, 7, 7, 2, 5]"
697.5,6.725,True,"[0, 6, 7, 2, 5]"
698.0,7.775,True,"[0, 7, 7, 7, 5]"
698.5,6.625,True,"[0, 6, 6, 2, 5]"
699.0,7.725,True,"[0, 7, 7, 2, 5]"
699.5,7.615,True,"[0, 7, 6, 1, 5]"
700.0,7.775,True,"[0, 7, 7, 7, 5]"
700.5,7.625,True,"[0, 7, 6, 2, 5]"
701.0,6.625,True,"[0, 6, 6, 2, 5]"
701.5,7.625,True,"[0, 7, 6, 2, 5]"
702.0,7.725,True,"[0, 7, 7, 2, 5]"
702.5,7.725,True,"[0, 7, 7, 2, 5]"
703.0,6.745,True,"[0, 6, 7, 4, 5]"
703.5,7.725,True,"[0, 7, 7, 2, 5]"
704.0,6.725,True,"[0, 6, 7, 2, 5]"
704.5,7.725,True,"[0, 7, 7, 2, 5]"
705.0,6.775,True,"[0, 6, 7, 7, 5]"
705.5,7.725,True,"[0, 7, 7, 2, 5]"
706.0,7.745,True,"[0, 7, 7, 4, 5]"
706.5,7.775,True,"[0, 7, 7, 7, 5]"
707.0,6.613,True,"[0, 6, 6, 1, 3]"
707.5,7.625,True,"[0, 7, 6, 2, 5]"
708.0,7.725,True,"[0, 7, 7, 2, 5]"
708.5,6.745,True,"[0, 6, 7, 4, 5]"
709.0,6.725,True,"[0, 6, 7, 2, 5]"
709.5,7.725,True,"[0, 7, 7, 2, 5]"
710.0,7.775,True,"[0, 7, 7, 7, 5]"
710.5,7.725,True,"[0, 7, 7, 2, 5]"
711.0,6.725,True,"[0, 6, 7, 2, 5]"
711.5,7.775,True,"[0, 7, 7, 7, 5]"
712.0,7.775,True,"[0, 7, 7, 7, 5]"
712.5,7.775,True,"[0, 7, 7, 7, 5]"
713.0,6.725,True,"[0, 6, 7, 2, 5]"
713.5,7.725,True,"[0, 7, 7, 2, 5]"
714.0,7.725,True,"[0, 7, 7, 2, 5]"
714.5,7.725,True,"[0, 7, 7, 2, 5]"
715.0,6.775,True,"[0, 6, 7, 7, 5]"
715.5,6.725,True,"[0, 6, 7, 2, 5]"
716.0,7.775,True,"[0, 7, 7, 7, 5]"
716.5,7.725,True,"[0, 7, 7, 2, 5]"
717.0,7.775,True,"[0, 7, 7, 7, 5]"
717.5,6.725,True,"[0, 6, 7, 2, 5]"
718.0,7.715,True,"[0, 7, 7, 1, 5]"
718.5,7.745,True,"[0, 7, 7, 4, 5]"
719.0,7.775,True,"[0, 7, 7, 7, 5]"
719.5,6.775,True,"[0, 6, 7, 7, 5]"
720.0,7.715,True,"[0, 7, 7, 1, 5]"
720.5,7.775,True,"[0, 7, 7, 7, 5]"
721.0,7.725,True,"[0, 7, 7, 2, 5]"
721.5,6.745,True,"[0, 6, 7, 4, 5]"
722.0,7.725,True,"[0, 7, 7, 2, 5]"
722.5,7.775,True,"[0, 7, 7, 7, 5]"
723.0,7.776,True,"[0, 7, 7, 7, 6]"
723.5,6.745,True,"[0, 6, 7, 4, 5]"
724.0,7.725,True,"[0, 7, 7, 2, 5]"
724.5,7.725,True,"[0, 7, 7, 2, 5]"
725.0,7.775,True,"[0, 7, 7, 7, 5]"
725.5,6.625,True,"[0, 6, 6, 2, 5]"
726.0,7.625,True,"[0, 7, 6, 2, 5]"
726.5,7.645,True,"[0, 7, 6, 4, 5]"
727.0,6.625,True,"[0, 6, 6, 2, 5]"
727.5,6.645,True,"[0, 6, 6, 4, 5]"
728.0,7.625,True,"[0, 7, 6, 2, 5]"
728.5,7.625,True,"[0, 7, 6, 2, 5]"
729.0,7.925,True,"[0, 7, 9, 2, 5]"
729.5,6.713,True,"[0, 6, 7, 1, 3]"
730.0,7.945,True,"[0, 7, 9, 4, 5]"
730.5,7.725,True,"[0, 7, 7, 2, 5]"
731.0,7.925,True,"[0, 7, 9, 2, 5]"
731.5,6.625,True,"[0, 6, 6, 2, 5]"
732.0,6.925,True,"[0, 6, 9, 2, 5]"
732.5,7.945,True,"[0, 7, 9, 4, 5]"
733.0,7.715,True,"[0, 7, 7, 1, 5]"
733.5,6.945,True,"[0, 6, 9, 4, 5]"
734.0,7.915,True,"[0, 7, 9, 1, 5]"
734.5,7.925,True,"[0, 7, 9, 2, 5]"
735.0,7.925,True,"[0, 7, 9, 2, 5]"
735.5,6.725,True,"[0, 6, 7, 2, 5]"
736.0,7.925,True,"[0, 7, 9, 2, 5]"
736.5,7.715,True,"[0, 7, 7, 1, 5]"
737.0,7.745,True,"[0, 7, 7, 4, 5]"
737.5,6.725,True,"[0, 6, 7, 2, 5]"
738.0,7.966,True,"[0, 7, 9, 6, 6]"
738.5,6.725,True,"[0, 6, 7, 2, 5]"
739.0,7.945,True,"[0, 7, 9, 4, 5]"
739.5,7.745,True,"[0, 7, 7, 4, 5]"
740.0,6.725,True,"[0, 6, 7, 2, 5]"
740.5,7.965,True,"[0, 7, 9, 6, 5]"
741.0,7.715,True,"[0, 7, 7, 1, 5]"
741.5,6.745,True,"[0, 6, 7, 4, 5]"
742.0,6.945,True,"[0, 6, 9, 4, 5]"
742.5,7.915,True,"[0, 7, 9, 1, 5]"
743.0,6.925,True,"[0, 6, 9, 2, 5]"
743.5,6.745,True,"[0, 6, 7, 4, 5]"
744.0,6.945,True,"[0, 6, 9, 4, 5]"
744.5,6.715,True,"[0, 6, 7, 1, 5]"
745.0,7.725,True,"[0, 7, 7, 2, 5]"
745.5,7.925,True,"[0, 7, 9, 2, 5]"
746.0,6.945,True,"[0, 6, 9, 4, 5]"
746.5,7.915,True,"[0, 7, 9, 1, 5]"
747.0,6.745,True,"[0, 6, 7, 4, 5]"
747.5,7.945,True,"[0, 7, 9, 4, 5]"
748.0,7.745,True,"[0, 7, 7, 4, 5]"
748.5,7.975,True,"[0, 7, 9, 7, 5]"
749.0,7.925,True,"[0, 7, 9, 2, 5]"
749.5,7.775,True,"[0, 7, 7, 7, 5]"
750.0,6.925,True,"[0, 6, 9, 2, 5]"
750.5,7.925,True,"[0, 7, 9, 2, 5]"
751.0,7.925,True,"[0, 7, 9, 2, 5]"
751.5,7.945,True,"[0, 7, 9, 4, 5]"
752.0,6.925,True,"[0, 6, 9, 2, 5]"
752.5,6.945,True,"[0, 6, 9, 4, 5]"
753.0,7.925,True,"[0, 7, 9, 2, 5]"
753.5,6.975,True,"[0, 6, 9, 7, 5]"
754.0,6.915,True,"[0, 6, 9, 1, 5]"
754.5,7.945,True,"[0, 7, 9, 4, 5]"
755.0,7.925,True,"[0, 7, 9, 2, 5]"
755.5,6.925,True,"[0, 6, 9, 2, 5]"
756.0,6.925,True,"[0, 6, 9, 2, 5]"
756.5,6.925,True,"[0, 6, 9, 2, 5]"
757.0,7.775,True,"[0, 7, 7, 7, 5]"
757.5,6.725,True,"[0, 6, 7, 2, 5]"
758.0,7.975,True,"[0, 7, 9, 7, 5]"
758.5,7.775,True,"[0, 7, 7, 7, 5]"
759.0,7.725,True,"[0, 7, 7, 2, 5]"
759.5,6.775,True,"[0, 6, 7, 7, 5]"
760.0,7.925,True,"[0, 7, 9, 2, 5]"
760.5,6.925,True,"[0, 6, 9, 2, 5]"
761.0,7.745,True,"[0, 7, 7, 4, 5]"
761.5,6.665,True,"[0, 6, 6, 6, 5]"
762.0,7.925,True,"[0, 7, 9, 2, 5]"
762.5,6.725,True,"[0, 6, 7, 2, 5]"
763.0,7.725,True,"[0, 7, 7, 2, 5]"
763.5,7.975,True,"[0, 7, 9, 7, 5]"
764.0,7.975,True,"[0, 7, 9, 7, 5]"
764.5,6.625,True,"[0, 6, 6, 2, 5]"
765.0,7.775,True,"[0, 7, 7, 7, 5]"
765.5,6.925,True,"[0, 6, 9, 2, 5]"
766.0,6.975,True,"[0, 6, 9, 7, 5]"
766.5,7.775,True,"[0, 7, 7, 7, 5]"
767.0,7.925,True,"[0, 7, 9, 2, 5]"
767.5,6.745,True,"[0, 6, 7, 4, 5]"
768.0,7.925,True,"[0, 7, 9, 2, 5]"
768.5,7.715,True,"[0, 7, 7, 1, 5]"
769.0,7.975,True,"[0, 7, 9, 7, 5]"
769.5,6.925,True,"[0, 6, 9, 2, 5]"
770.0,6.925,True,"[0, 6, 9, 2, 5]"
770.5,7.925,True,"[0, 7, 9, 2, 5]"
771.0,6.775,True,"[0, 6, 7, 7, 5]"
771.5,6.925,True,"[0, 6, 9, 2, 5]"
772.0,6.925,True,"[0, 6, 9, 2, 5]"
772.5,6.725,True,"[0, 6, 7, 2, 5]"
773.0,7.975,True,"[0, 7, 9, 7, 5]"
773.5,6.625,True,"[0, 6, 6, 2, 5]"
774.0,6.945,True,"[0, 6, 9, 4, 5]"
774.5,6.775,True,"[0, 6, 7, 7, 5]"
775.0,6.745,True,"[0, 6, 7, 4, 5]"
775.5,6.915,True,"[0, 6, 9, 1, 5]"
776.0,6.945,True,"[0, 6, 9, 4, 5]"
776.5,7.925,True,"[0, 7, 9, 2, 5]"
777.0,6.925,True,"[0, 6, 9, 2, 5]"
777.5,6.925,True,"[0, 6, 9, 2, 5]"
778.0,6.945,True,"[0, 6, 9, 4, 5]"
778.5,6.925,True,"[0, 6, 9, 2, 5]"
779.0,6.775,True,"[0, 6, 7, 7, 5]"
779.5,6.725,True,"[0, 6, 7, 2, 5]"
780.0,6.666,True,"[0, 6, 6, 6, 6]"
780.5,7.925,True,"[0, 7, 9, 2, 5]"
781.0,7.945,True,"[0, 7, 9, 4, 5]"
781.5,7.725,True,"[0, 7, 7, 2, 5]"
782.0,6.665,True,"[0, 6, 6, 6, 5]"
782.5,7.975,True,"[0, 7, 9, 7, 5]"
783.0,6.615,True,"[0, 6, 6, 1, 5]"
783.5,7.925,True,"[0, 7, 9, 2, 5]"
784.0,6.945,True,"[0, 6, 9, 4, 5]"
784.5,7.925,True,"[0, 7, 9, 2, 5]"
785.0,7.925,True,"[0, 7, 9, 2, 5]"
785.5,7.945,True,"[0, 7, 9, 4, 5]"
786.0,7.925,True,"[0, 7, 9, 2, 5]"
786.5,6.926,True,"[0, 6, 9, 2, 6]"
787.0,6.925,True,"[0, 6, 9, 2, 5]"
787.5,6.625,True,"[0, 6, 6, 2, 5]"
788.0,6.625,True,"[0, 6, 6, 2, 5]"
788.5,7.925,True,"[0, 7, 9, 2, 5]"
789.0,7.775,True,"[0, 7, 7, 7, 5]"
789.5,7.625,True,"[0, 7, 6, 2, 5]"
790.0,7.625,False,"[0, 6, 1, 7, 5]"
790.5,7.725,True,"[0, 7, 7, 2, 5]"
791.0,6.925,True,"[0, 6, 9, 2, 5]"
791.5,6.925,True,"[0, 6, 9, 2, 5]"
792.0,6.925,False,"[0, 6, 1, 7, 5]"
792.5,6.975,True,"[0, 6, 9, 7, 5]"
793.0,7.715,True,"[0, 7, 7, 1, 5]"
793.5,7.915,True,"[0, 7, 9, 1, 5]"
794.0,7.925,True,"[0, 7, 9, 2, 5]"
794.5,7.925,False,"[0, 6, 1, 2, 5]"
795.0,6.925,True,"[0, 6, 9, 2, 5]"
795.5,6.776,True,"[0, 6, 7, 7, 6]"
796.0,6.975,True,"[0, 6, 9, 7, 5]"
796.5,7.975,True,"[0, 7, 9, 7, 5]"
797.0,7.975,False,"[0, 6, 1, 2, 5]"
797.5,7.775,True,"[0, 7, 7, 7, 5]"
798.0,6.776,True,"[0, 6, 7, 7, 6]"
798.5,6.926,True,"[0, 6, 9, 2, 6]"
799.0,6.915,True,"[0, 6, 9, 1, 5]"
799.5,7.925,True,"[0, 7, 9, 2, 5]"
800.0,7.925,False,"[0, 6, 1, 4, 6]"
800.5,7.925,False,"[0, 6, 1, 4, 5]"
801.0,7.915,True,"[0, 7, 9, 1, 5]"
801.5,6.915,True,"[0, 6, 9, 1, 5]"
802.0,6.775,True,"[0, 6, 7, 7, 5]"
802.5,6.975,True,"[0, 6, 9, 7, 5]"
803.0,7.125,True,"[0, 7, 1, 2, 5]"
803.5,7.125,False,"[0, 6, 1, 2, 5]"
804.0,7.125,False,"[0, 6, 1, 2, 5]"
804.5,6.945,True,"[0, 6, 9, 4, 5]"
805.0,7.125,True,"[0, 7, 1, 2, 5]"
805.5,7.125,False,"[0, 6, 1, 1, 5]"
806.0,6.925,True,"[0, 6, 9, 2, 5]"
806.5,6.926,True,"[0, 6, 9, 2, 6]"
807.0,7.925,True,"[0, 7, 9, 2, 5]"
807.5,7.925,False,"[0, 6, 1, 2, 5]"
808.0,7.925,False,"[0, 6, 1, 2, 5]"
808.5,7.925,False,"[0, 6, 1, 2, 5]"
809.0,7.925,False,"[0, 6, 1, 2, 5]"
809.5,7.925,True,"[0, 7, 9, 2, 5]"
810.0,7.115,True,"[0, 7, 1, 1, 5]"
810.5,6.915,True,"[0, 6, 9, 1, 5]"
811.0,6.915,False,"[0, 6, 1, 2, 5]"
811.5,7.125,True,"[0, 7, 1, 2, 5]"
812.0,6.925,True,"[0, 6, 9, 2, 5]"
812.5,6.925,True,"[0, 6, 9, 2, 5]"
813.0,7.125,True,"[0, 7, 1, 2, 5]"
813.5,6.925,True,"[0, 6, 9, 2, 5]"
814.0,6.925,False,"[0, 6, 1, 2, 5]"
814.5,7.915,True,"[0, 7, 9, 1, 5]"
815.0,7.175,True,"[0, 7, 1, 7, 5]"
815.5,6.925,True,"[0, 6, 9, 2, 5]"
816.0,6.945,True,"[0, 6, 9, 4, 5]"
816.5,6.945,False,"[0, 6, 1, 2, 5]"
817.0,6.915,True,"[0, 6, 9, 1, 5]"
817.5,7.115,True,"[0, 7, 1, 1, 5]"
818.0,7.115,False,"[0, 6, 1, 1, 5]"
818.5,6.915,True,"[0, 6, 9, 1, 5]"
819.0,7.925,True,"[0, 7, 9, 2, 5]"
819.5,7.925,True,"[0, 7, 9, 2, 5]"
820.0,6.925,True,"[0, 6, 9, 2, 5]"
820.5,6.915,True,"[0, 6, 9, 1, 5]"
821.0,6.715,True,"[0, 6, 7, 1, 5]"
821.5,7.115,True,"[0, 7, 1, 1, 5]"
822.0,6.915,True,"[0, 6, 9, 1, 5]"
822.5,7.915,True,"[0, 7, 9, 1, 5]"
823.0,7.925,True,"[0, 7, 9, 2, 5]"
823.5,7.925,True,"[0, 7, 9, 2, 5]"
824.0,7.925,True,"[0, 7, 9, 2, 5]"
824.5,6.915,True,"[0, 6, 9, 1, 5]"
825.0,6.925,True,"[0, 6, 9, 2, 5]"
825.5,7.825,True,"[0, 7, 8, 2, 5]"
826.0,7.825,False,"[0, 6, 1, 2, 5]"
826.5,6.925,True,"[0, 6, 9, 2, 5]"
827.0,6.825,True,"[0, 6, 8, 2, 5]"
827.5,6.825,True,"[0, 6, 8, 2, 5]"
828.0,6.825,True,"[0, 6, 8, 2, 5]"
828.5,6.825,True,"[0, 6, 8, 2, 5]"
829.0,6.825,True,"[0, 6, 8, 2, 5]"
829.5,6.825,True,"[0, 6, 8, 2, 5]"
830.0,6.845,True,"[0, 6, 8, 4, 5]"
830.5,6.825,True,"[0, 6, 8, 2, 5]"
831.0,6.825,True,"[0, 6, 8, 2, 5]"
831.5,7.875,True,"[0, 7, 8, 7, 5]"
832.0,6.925,True,"[0, 6, 9, 2, 5]"
832.5,6.825,True,"[0, 6, 8, 2, 5]"
833.0,6.845,True,"[0, 6, 8, 4, 5]"
833.5,6.845,False,"[0, 6, 1, 2, 5]"
834.0,6.825,True,"[0, 6, 8, 2, 5]"
834.5,6.965,True,"[0, 6, 9, 6, 5]"
835.0,6.925,True,"[0, 6, 9, 2, 5]"
835.5,7.925,True,"[0, 7, 9, 2, 5]"
836.0,7.845,True,"[0, 7, 8, 4, 5]"
836.5,6.845,True,"[0, 6, 8, 4, 5]"
837.0,7.825,True,"[0, 7, 8, 2, 5]"
837.5,7.825,True,"[0, 7, 8, 2, 5]"
838.0,6.825,True,"[0, 6, 8, 2, 5]"
838.5,6.825,True,"[0, 6, 8, 2, 5]"
839.0,6.825,False,"[0, 6, 1, 2, 5]"
839.5,6.825,True,"[0, 6, 8, 2, 5]"
840.0,6.875,True,"[0, 6, 8, 7, 5]"
840.5,6.825,True,"[0, 6, 8, 2, 5]"
841.0,6.925,True,"[0, 6, 9, 2, 5]"
841.5,6.765,True,"[0, 6, 7, 6, 5]"
842.0,6.825,True,"[0, 6, 8, 2, 5]"
842.5,6.725,True,"[0, 6, 7, 2, 5]"
843.0,7.925,True,"[0, 7, 9, 2, 5]"
843.5,7.825,True,"[0, 7, 8, 2, 5]"
844.0,6.825,True,"[0, 6, 8, 2, 5]"
844.5,6.845,True,"[0, 6, 8, 4, 5]"
845.0,7.825,True,"[0, 7, 8, 2, 5]"
845.5,7.825,True,"[0, 7, 8, 2, 5]"
846.0,6.825,True,"[0, 6, 8, 2, 5]"
846.5,6.825,True,"[0, 6, 8, 2, 5]"
847.0,6.725,True,"[0, 6, 7, 2, 5]"
847.5,6.725,True,"[0, 6, 7, 2, 5]"
848.0,6.715,True,"[0, 6, 7, 1, 5]"
848.5,7.745,True,"[0, 7, 7, 4, 5]"
849.0,6.745,True,"[0, 6, 7, 4, 5]"
849.5,7.715,True,"[0, 7, 7, 1, 5]"
850.0,6.725,True,"[0, 6, 7, 2, 5]"
850.5,7.725,True,"[0, 7, 7, 2, 5]"
851.0,6.725,True,"[0, 6, 7, 2, 5]"
851.5,6.725,True,"[0, 6, 7, 2, 5]"
852.0,7.715,True,"[0, 7, 7, 1, 5]"
852.5,6.625,True,"[0, 6, 6, 2, 5]"
853.0,6.645,True,"[0, 6, 6, 4, 5]"
853.5,6.625,True,"[0, 6, 6, 2, 5]"
854.0,7.615,True,"[0, 7, 6, 1, 5]"
854.5,6.625,True,"[0, 6, 6, 2, 5]"
855.0,6.625,True,"[0, 6, 6, 2, 5]"
855.5,6.665,True,"[0, 6, 6, 6, 5]"
856.0,6.615,True,"[0, 6, 6, 1, 5]"
856.5,7.665,True,"[0, 7, 6, 6, 5]"
857.0,6.625,True,"[0, 6, 6, 2, 5]"
857.5,7.615,True,"[0, 7, 6, 1, 5]"
858.0,6.925,True,"[0, 6, 9, 2, 5]"
858.5,7.745,True,"[0, 7, 7, 4, 5]"
859.0,6.925,True,"[0, 6, 9, 2, 5]"
859.5,7.925,True,"[0, 7, 9, 2, 5]"
860.0,7.915,True,"[0, 7, 9, 1, 5]"
860.5,7.915,True,"[0, 7, 9, 1, 5]"
861.0,6.925,True,"[0, 6, 9, 2, 5]"
861.5,6.925,True,"[0, 6, 9, 2, 5]"
862.0,6.945,True,"[0, 6, 9, 4, 5]"
862.5,6.975,True,"[0, 6, 9, 7, 5]"
863.0,6.975,True,"[0, 6, 9, 7, 5]"
863.5,6.945,True,"[0, 6, 9, 4, 5]"
864.0,7.925,True,"[0, 7, 9, 2, 5]"
864.5,6.925,True,"[0, 6, 9, 2, 5]"
865.0,6.925,True,"[0, 6, 9, 2, 5]"
865.5,7.776,True,"[0, 7, 7, 7, 6]"
866.0,7.945,True,"[0, 7, 9, 4, 5]"
866.5,6.745,True,"[0, 6, 7, 4, 5]"
867.0,6.923,True,"[0, 6, 9, 2, 3]"
867.5,7.925,True,"[0, 7, 9, 2, 5]"
868.0,7.925,True,"[0, 7, 9, 2, 5]"
868.5,7.725,True,"[0, 7, 7, 2, 5]"
869.0,7.725,True,"[0, 7, 7, 2, 5]"
869.5,6.925,True,"[0, 6, 9, 2, 5]"
870.0,7.725,True,"[0, 7, 7, 2, 5]"
870.5,7.913,True,"[0, 7, 9, 1, 3]"
871.0,7.925,True,"[0, 7, 9, 2, 5]"
871.5,6.925,True,"[0, 6, 9, 2, 5]"
872.0,7.925,True,"[0, 7, 9, 2, 5]"
872.5,6.945,True,"[0, 6, 9, 4, 5]"
873.0,6.713,True,"[0, 6, 7, 1, 3]"
873.5,6.925,True,"[0, 6, 9, 2, 5]"
874.0,7.925,True,"[0, 7, 9, 2, 5]"
874.5,6.925,True,"[0, 6, 9, 2, 5]"
875.0,6.925,True,"[0, 6, 9, 2, 5]"
875.5,6.915,True,"[0, 6, 9, 1, 5]"
876.0,6.925,True,"[0, 6, 9, 2, 5]"
876.5,6.765,True,"[0, 6, 7, 6, 5]"
877.0,7.725,True,"[0, 7, 7, 2, 5]"
877.5,6.625,True,"[0, 6, 6, 2, 5]"
878.0,6.925,True,"[0, 6, 9, 2, 5]"
878.5,6.625,True,"[0, 6, 6, 2, 5]"
879.0,7.725,True,"[0, 7, 7, 2, 5]"
879.5,6.625,True,"[0, 6, 6, 2, 5]"
880.0,6.925,True,"[0, 6, 9, 2, 5]"
880.5,7.625,True,"[0, 7, 6, 2, 5]"
881.0,6.925,True,"[0, 6, 9, 2, 5]"
881.5,6.625,True,"[0, 6, 6, 2, 5]"
882.0,6.625,True,"[0, 6, 6, 2, 5]"
882.5,7.725,True,"[0, 7, 7, 2, 5]"
883.0,6.725,True,"[0, 6, 7, 2, 5]"
883.5,6.675,True,"[0, 6, 6, 7, 5]"
884.0,6.925,True,"[0, 6, 9, 2, 5]"
884.5,6.725,True,"[0, 6, 7, 2, 5]"
885.0,7.925,True,"[0, 7, 9, 2, 5]"
885.5,7.675,True,"[0, 7, 6, 7, 5]"
886.0,6.925,True,"[0, 6, 9, 2, 5]"
886.5,6.615,True,"[0, 6, 6, 1, 5]"
887.0,6.925,True,"[0, 6, 9, 2, 5]"
887.5,6.625,True,"[0, 6, 6, 2, 5]"
888.0,7.925,True,"[0, 7, 9, 2, 5]"
888.5,7.625,True,"[0, 7, 6, 2, 5]"
889.0,6.625,True,"[0, 6, 6, 2, 5]"
889.5,6.625,True,"[0, 6, 6, 2, 5]"
890.0,7.625,True,"[0, 7, 6, 2, 5]"
890.5,6.925,True,"[0, 6, 9, 2, 5]"
891.0,6.625,True,"[0, 6, 6, 2, 5]"
891.5,6.725,True,"[0, 6, 7, 2, 5]"
892.0,6.725,True,"[0, 6, 7, 2, 5]"
892.5,7.625,True,"[0, 7, 6, 2, 5]"
893.0,6.925,True,"[0, 6, 9, 2, 5]"
893.5,6.625,True,"[0, 6, 6, 2, 5]"
894.0,6.725,True,"[0, 6, 7, 2, 5]"
894.5,6.625,True,"[0, 6, 6, 2, 5]"
895.0,7.675,True,"[0, 7, 6, 7, 5]"
895.5,6.625,True,"[0, 6, 6, 2, 5]"
896.0,7.675,True,"[0, 7, 6, 7, 5]"
896.5,7.625,True,"[0, 7, 6, 2, 5]"
897.0,6.625,True,"[0, 6, 6, 2, 5]"
897.5,6.625,True,"[0, 6, 6, 2, 5]"
898.0,6.645,True,"[0, 6, 6, 4, 5]"
898.5,7.615,True,"[0, 7, 6, 1, 5]"
899.0,6.625,True,"[0, 6, 6, 2, 5]"
899.5,7.625,True,"[0, 7, 6, 2, 5]"
900.0,6.625,True,"[0, 6, 6, 2, 5]"
900.5,7.625,True,"[0, 7, 6, 2, 5]"
901.0,6.625,True,"[0, 6, 6, 2, 5]"
901.5,7.675,True,"[0, 7, 6, 7, 5]"
902.0,6.645,True,"[0, 6, 6, 4, 5]"
902.5,7.675,True,"[0, 7, 6, 7, 5]"
903.0,7.625,True,"[0, 7, 6, 2, 5]"
903.5,6.625,True,"[0, 6, 6, 2, 5]"
904.0,6.625,True,"[0, 6, 6, 2, 5]"
904.5,6.625,True,"[0, 6, 6, 2, 5]"
905.0,6.675,True,"[0, 6, 6, 7, 5]"
905.5,7.625,True,"[0, 7, 6, 2, 5]"
906.0,6.625,True,"[0, 6, 6, 2, 5]"
906.5,6.615,True,"[0, 6, 6, 1, 5]"
907.0,7.625,True,"[0, 7, 6, 2, 5]"
907.5,7.646,True,"[0, 7, 6, 4, 6]"
908.0,7.675,True,"[0, 7, 6, 7, 5]"
908.5,6.625,True,"[0, 6, 6, 2, 5]"
909.0,7.625,True,"[0, 7, 6, 2, 5]"
909.5,6.645,True,"[0, 6, 6, 4, 5]"
910.0,7.645,True,"[0, 7, 6, 4, 5]"
910.5,6.645,True,"[0, 6, 6, 4, 5]"
911.0,6.645,True,"[0, 6, 6, 4, 5]"
911.5,7.625,True,"[0, 7, 6, 2, 5]"
912.0,6.625,True,"[0, 6, 6, 2, 5]"
912.5,7.625,True,"[0, 7, 6, 2, 5]"
913.0,6.645,True,"[0, 6, 6, 4, 5]"
913.5,7.645,True,"[0, 7, 6, 4, 5]"
914.0,7.675,True,"[0, 7, 6, 7, 5]"
914.5,6.625,True,"[0, 6, 6, 2, 5]"
915.0,7.615,True,"[0, 7, 6, 1, 5]"
915.5,7.676,True,"[0, 7, 6, 7, 6]"
916.0,7.645,True,"[0, 7, 6, 4, 5]"
916.5,6.646,True,"[0, 6, 6, 4, 6]"
917.0,7.625,True,"[0, 7, 6, 2, 5]"
917.5,7.625,True,"[0, 7, 6, 2, 5]"
918.0,6.625,True,"[0, 6, 6, 2, 5]"
918.5,6.675,True,"[0, 6, 6, 7, 5]"
919.0,7.675,True,"[0, 7, 6, 7, 5]"
919.5,7.616,True,"[0, 7, 6, 1, 6]"
920.0,6.645,True,"[0, 6, 6, 4, 5]"
920.5,7.625,True,"[0, 7, 6, 2, 5]"
921.0,6.645,True,"[0, 6, 6, 4, 5]"
921.5,6.645,True,"[0, 6, 6, 4, 5]"
922.0,6.675,True,"[0, 6, 6, 7, 5]"
922.5,7.615,True,"[0, 7, 6, 1, 5]"
923.0,7.615,True,"[0, 7, 6, 1, 5]"
923.5,7.625,True,"[0, 7, 6, 2, 5]"
924.0,6.615,True,"[0, 6, 6, 1, 5]"
924.5,7.623,True,"[0, 7, 6, 2, 3]"
925.0,7.616,True,"[0, 7, 6, 1, 6]"
925.5,7.645,True,"[0, 7, 6, 4, 5]"
926.0,6.625,True,"[0, 6, 6, 2, 5]"
926.5,7.625,True,"[0, 7, 6, 2, 5]"
927.0,7.625,True,"[0, 7, 6, 2, 5]"
927.5,6.625,True,"[0, 6, 6, 2, 5]"
928.0,7.625,True,"[0, 7, 6, 2, 5]"
928.5,7.615,True,"[0, 7, 6, 1, 5]"
929.0,7.615,True,"[0, 7, 6, 1, 5]"
929.5,7.615,True,"[0, 7, 6, 1, 5]"
930.0,6.625,True,"[0, 6, 6, 2, 5]"
930.5,6.625,True,"[0, 6, 6, 2, 5]"
931.0,6.615,True,"[0, 6, 6, 1, 5]"
931.5,6.625,True,"[0, 6, 6, 2, 5]"
932.0,6.625,True,"[0, 6, 6, 2, 5]"
932.5,6.625,True,"[0, 6, 6, 2, 5]"
933.0,7.615,True,"[0, 7, 6, 1, 5]"
933.5,6.625,True,"[0, 6, 6, 2, 5]"
934.0,6.625,True,"[0, 6, 6, 2, 5]"
934.5,6.616,True,"[0, 6, 6, 1, 6]"
935.0,6.625,True,"[0, 6, 6, 2, 5]"
935.5,6.645,True,"[0, 6, 6, 4, 5]"
936.0,7.626,True,"[0, 7, 6, 2, 6]"
936.5,7.625,True,"[0, 7, 6, 2, 5]"
937.0,7.625,True,"[0, 7, 6, 2, 5]"
937.5,6.625,True,"[0, 6, 6, 2, 5]"
938.0,6.625,True,"[0, 6, 6, 2, 5]"
938.5,6.625,True,"[0, 6, 6, 2, 5]"
939.0,7.616,True,"[0, 7, 6, 1, 6]"
939.5,6.616,True,"[0, 6, 6, 1, 6]"
940.0,6.625,True,"[0, 6, 6, 2, 5]"
940.5,6.615,True,"[0, 6, 6, 1, 5]"
941.0,6.625,True,"[0, 6, 6, 2, 5]"
941.5,6.625,True,"[0, 6, 6, 2, 5]"
942.0,6.616,True,"[0, 6, 6, 1, 6]"
942.5,7.615,True,"[0, 7, 6, 1, 5]"
943.0,6.625,True,"[0, 6, 6, 2, 5]"
943.5,7.615,True,"[0, 7, 6, 1, 5]"
944.0,6.625,True,"[0, 6, 6, 2, 5]"
944.5,6.625,True,"[0, 6, 6, 2, 5]"
945.0,7.615,True,"[0, 7, 6, 1, 5]"
945.5,6.725,True,"[0, 6, 7, 2, 5]"
946.0,7.625,True,"[0, 7, 6, 2, 5]"
946.5,6.625,True,"[0, 6, 6, 2, 5]"
947.0,6.625,True,"[0, 6, 6, 2, 5]"
947.5,7.616,True,"[0, 7, 6, 1, 6]"
948.0,6.625,True,"[0, 6, 6, 2, 5]"
948.5,6.625,True,"[0, 6, 6, 2, 5]"
949.0,7.775,True,"[0, 7, 7, 7, 5]"
949.5,6.725,True,"[0, 6, 7, 2, 5]"
950.0,6.725,True,"[0, 6, 7, 2, 5]"
950.5,7.725,True,"[0, 7, 7, 2, 5]"
951.0,6.725,True,"[0, 6, 7, 2, 5]"
951.5,6.725,True,"[0, 6, 7, 2, 5]"
952.0,7.725,True,"[0, 7, 7, 2, 5]"
952.5,6.725,True,"[0, 6, 7, 2, 5]"
953.0,6.625,True,"[0, 6, 6, 2, 5]"
953.5,7.775,True,"[0, 7, 7, 7, 5]"
954.0,6.725,True,"[0, 6, 7, 2, 5]"
954.5,7.725,True,"[0, 7, 7, 2, 5]"
955.0,6.775,True,"[0, 6, 7, 7, 5]"
955.5,6.725,True,"[0, 6, 7, 2, 5]"
956.0,6.725,True,"[0, 6, 7, 2, 5]"
956.5,7.725,True,"[0, 7, 7, 2, 5]"
957.0,7.725,True,"[0, 7, 7, 2, 5]"
957.5,6.775,True,"[0, 6, 7, 7, 5]"
958.0,7.725,True,"[0, 7, 7, 2, 5]"
958.5,7.725,True,"[0, 7, 7, 2, 5]"
959.0,7.613,True,"[0, 7, 6, 1, 3]"
959.5,7.725,True,"[0, 7, 7, 2, 5]"
960.0,6.725,True,"[0, 6, 7, 2, 5]"
960.5,7.775,True,"[0, 7, 7, 7, 5]"
961.0,6.775,True,"[0, 6, 7, 7, 5]"
961.5,6.625,True,"[0, 6, 6, 2, 5]"
962.0,6.725,True,"[0, 6, 7, 2, 5]"
962.5,7.745,True,"[0, 7, 7, 4, 5]"
963.0,6.775,True,"[0, 6, 7, 7, 5]"
963.5,7.775,True,"[0, 7, 7, 7, 5]"
964.0,6.725,True,"[0, 6, 7, 2, 5]"
964.5,7.745,True,"[0, 7, 7, 4, 5]"
965.0,7.645,True,"[0, 7, 6, 4, 5]"
965.5,6.675,True,"[0, 6, 6, 7, 5]"
966.0,7.625,True,"[0, 7, 6, 2, 5]"
966.5,6.625,True,"[0, 6, 6, 2, 5]"
967.0,7.625,True,"[0, 7, 6, 2, 5]"
967.5,7.715,True,"[0, 7, 7, 1, 5]"
968.0,6.715,True,"[0, 6, 7, 1, 5]"
968.5,7.925,True,"[0, 7, 9, 2, 5]"
969.0,7.945,True,"[0, 7, 9, 4, 5]"
969.5,6.745,True,"[0, 6, 7, 4, 5]"
970.0,6.945,True,"[0, 6, 9, 4, 5]"
970.5,7.925,True,"[0, 7, 9, 2, 5]"
971.0,7.725,True,"[0, 7, 7, 2, 5]"
971.5,7.925,True,"[0, 7, 9, 2, 5]"
972.0,6.945,True,"[0, 6, 9, 4, 5]"
972.5,7.925,True,"[0, 7, 9, 2, 5]"
973.0,7.725,True,"[0, 7, 7, 2, 5]"
973.5,6.975,True,"[0, 6, 9, 7, 5]"
974.0,7.915,True,"[0, 7, 9, 1, 5]"
974.5,7.925,True,"[0, 7, 9, 2, 5]"
975.0,7.945,True,"[0, 7, 9, 4, 5]"
975.5,6.925,True,"[0, 6, 9, 2, 5]"
976.0,6.945,True,"[0, 6, 9, 4, 5]"
976.5,7.925,True,"[0, 7, 9, 2, 5]"
977.0,7.745,True,"[0, 7, 7, 4, 5]"
977.5,6.975,True,"[0, 6, 9, 7, 5]"
978.0,6.625,True,"[0, 6, 6, 2, 5]"
978.5,7.925,True,"[0, 7, 9, 2, 5]"
979.0,7.925,True,"[0, 7, 9, 2, 5]"
979.5,6.925,True,"[0, 6, 9, 2, 5]"
980.0,7.925,True,"[0, 7, 9, 2, 5]"
980.5,7.925,True,"[0, 7, 9, 2, 5]"
981.0,7.925,True,"[0, 7, 9, 2, 5]"
981.5,7.775,True,"[0, 7, 7, 7, 5]"
982.0,7.725,True,"[0, 7, 7, 2, 5]"
982.5,7.625,True,"[0, 7, 6, 2, 5]"
983.0,6.725,True,"[0, 6, 7, 2, 5]"
983.5,7.975,True,"[0, 7, 9, 7, 5]"
984.0,6.625,True,"[0, 6, 6, 2, 5]"
984.5,7.663,True,"[0, 7, 6, 6, 3]"
985.0,6.925,True,"[0, 6, 9, 2, 5]"
985.5,6.625,True,"[0, 6, 6, 2, 5]"
986.0,7.626,True,"[0, 7, 6, 2, 6]"
986.5,7.925,True,"[0, 7, 9, 2, 5]"
987.0,6.925,True,"[0, 6, 9, 2, 5]"
987.5,7.925,True,"[0, 7, 9, 2, 5]"
988.0,7.925,True,"[0, 7, 9, 2, 5]"
988.5,6.625,True,"[0, 6, 6, 2, 5]"
989.0,7.625,True,"[0, 7, 6, 2, 5]"
989.5,7.616,True,"[0, 7, 6, 1, 6]"
990.0,7.975,True,"[0, 7, 9, 7, 5]"
990.5,7.925,True,"[0, 7, 9, 2, 5]"
991.0,7.545,True,"[0, 7, 5, 4, 5]"
991.5,7.545,False,"[0, 1, 1, 1, 6]"
992.0,7.545,False,"[0, 1, 1, 1, 7]"
992.5,7.545,False,"[0, 6, 1, 2, 5]"
993.0,7.545,False,"[0, 9, 1, 1, 5]"
993.5,7.545,False,"[0, 9, 9, 2, 5]"
994.0,7.545,False,"[0, 9, 6, 1, 5]"
994.5,7.545,False,"[0, 9, 6, 1, 5]"
995.0,7.545,False,"[5, 5, 5, 0, 0]"
995.5,7.545,False,"[0, 0, 5, 0, 0]"
996.0,7.545,False,"[0, 0, 0, 0, 0]"
996.5,7.545,False,"[1, 3, 7, 7, 4]"
997.0,7.545,False,"[0, 0, 0, 6, 0]"
997.5,7.545,False,"[0, 0, 0, 6, 0]"
998.0,7.545,False,"[0, 0, 0, 6, 0]"
998.5,7.545,False,"[0, 0, 0, 6, 0]"
999.0,7.545,False,"[0, 0, 0, 6, 0]"
999.5,7.545,False,"[0, 0, 0, 6, 0]"
